id,override,title,description,link
117,en_XX,Gym Sack Black,"Mochila espaciosa, ligera y resistente para guardar tus guantes y material de entrenamiento.  
 Sistema de ajuste personalizable de cuerdas. 
  
 Composición: 100% Poliéster",https://n1gloves.com/en/inicio/117-gym-sack-black-0685071015025
13533,en_XX,Goalkeeper Gloves Ares 2.0 Kids Neon,Kids Goalkeeper gloves  with negative cut and German latex palm 100% natural Super Low Grip.,https://n1gloves.com/en/inicio/13533-goalkeeper-gloves-ares-20-kids-neon
13534,en_XX,Goalkeeper Gloves Ares 2.0 Kids Orange,Kids Goalkeeper gloves  with negative cut and German latex palm 100% natural Super Low Grip.,https://n1gloves.com/en/inicio/13534-goalkeeper-gloves-ares-20-kids-orange
13537,en_XX,Goalkeeper Gloves Scorpius 2.0 Kids Aqua,Kids Goalkeeper gloves  with negative cut and German latex palm 100% natural Super Low Grip.,https://n1gloves.com/en/inicio/13537-goalkeeper-gloves-scorpius-20-kids-aqua
13543,en_XX,Goalkeeper Gloves Ares 2.0 Kids White,Kids Goalkeeper gloves  with negative cut and German latex palm 100% natural Super Low Grip.,https://n1gloves.com/en/inicio/13543-goalkeeper-gloves-ares-20-kids-white
15125,en_XX,Goalkeeper Gloves Ares 2.0 Blue Pink UGT+ II,"Discover the evolution of excellence with the Ares 2.0 UGT+ II goalkeeper gloves, part of N1's Premium line. Equipped with advanced technology and designed for the most demanding goalkeepers, these gloves represent a bold step forward in terms of grip, comfort, and confidence on the field",https://n1gloves.com/en/inicio/15125-goalkeeper-gloves-ares-20-blue-pink-ugt-ii
16047,en_XX,Inflatable Dummy N1 - 180 cm,"Inflatable goalkeeper training dummy.    Ideal for both goalkeeper-specific training sessions simulating an attacker or defender that serves as opposition in the exercise, as well as for team training in tasks such as crossing and finishing. Its high resistance, thanks to the material it's made of, allows you to use it in coordination exercises, free kicks, tactical drills, and skill work.     * Product not compatible with discounts",https://n1gloves.com/en/inicio/16047-inflatable-dummy-n1-180-cm
18879,en_XX,Goalkeeper Gloves Sirius 2.0 Black UGT+ II,"The Sirius 2.0 has arrived to redefine goalkeeping. With a revolutionary design and the new high-performance fabric  AirFlex Pro , this glove sets a new standard in flexibility, comfort, fit, and breathability. It perfectly combines lightness and structure, offering the ultimate balance. The definitive weapon for goalkeepers who demand the very best!",https://n1gloves.com/en/inicio/18879-goalkeeper-gloves-sirius-20-black-ugt-ii
18881,en_XX,Goalkeeper Gloves Sirius 2.0 Aqua UGT+ II,"The Sirius 2.0 is here to break all boundaries. With a revolutionary design and new high-performance  AirFlex Pro , this glove redefines the standard for flexibility, fit, and breathability. The ultimate weapon for goalkeepers who demand the best!",https://n1gloves.com/en/inicio/18881-goalkeeper-gloves-sirius-20-aqua-ugt-ii
18882,en_XX,Goalkeeper Gloves Sirius 2.0 Purple UGT+ II,"The Sirius 2.0 has arrived to redefine goalkeeping. With a revolutionary design and the new high-performance fabric  AirFlex Pro , this glove sets a new standard in flexibility, comfort, fit, and breathability. It perfectly combines lightness and structure, offering the ultimate balance. The definitive weapon for goalkeepers who demand the very best!",https://n1gloves.com/en/inicio/18882-goalkeeper-gloves-sirius-20-purple-ugt-ii
18883,en_XX,Goalkeeper Gloves Sirius 2.0 Pink UGT+ II,"The Sirius 2.0 has arrived to redefine goalkeeping. With a revolutionary design and the new high-performance fabric  AirFlex Pro , this glove sets a new standard in flexibility, comfort, fit, and breathability. It perfectly combines lightness and structure, offering the ultimate balance. The definitive weapon for goalkeepers who demand the very best!",https://n1gloves.com/en/inicio/18883-goalkeeper-gloves-sirius-20-pink-ugt-ii
18911,en_XX,Goalkeeper Gloves Sirius 2.0 Neon UGT+ II,"The Sirius 2.0 has arrived to redefine goalkeeping. With a revolutionary design and the new high-performance fabric  AirFlex Pro , this glove sets a new standard in flexibility, comfort, fit, and breathability. It perfectly combines lightness and structure, offering the ultimate balance. The definitive weapon for goalkeepers who demand the very best!",https://n1gloves.com/en/inicio/18911-goalkeeper-gloves-sirius-20-neon-ugt-ii
20003,en_XX,Inflatable Dummy N1 - 205 cm,"Inflatable goalkeeper training dummy.    Ideal for both goalkeeper-specific training sessions simulating an attacker or defender that serves as opposition in the exercise, as well as for team training in tasks such as crossing and finishing. Its high resistance, thanks to the material it's made of, allows you to use it in coordination exercises, free kicks, tactical drills, and skill work.     * Product not compatible with discounts",https://n1gloves.com/en/inicio/20003-inflatable-dummy-n1-205-cm
21784,en_XX,Goalkeeper Gloves Sirius 2.0 Black Neon UGT+ II,"The Sirius 2.0 has arrived to redefine goalkeeping. With a revolutionary design and the new high-performance fabric  AirFlex Pro , this glove sets a new standard in flexibility, comfort, fit, and breathability. It perfectly combines lightness and structure, offering the ultimate balance. The definitive weapon for goalkeepers who demand the very best!",https://n1gloves.com/en/inicio/21784-goalkeeper-gloves-sirius-20-black-neon-ugt-ii
21806,en_XX,Goalkeeper Gloves Sirius 2.0 Red UGT+ II,"The Sirius 2.0 is here to break all boundaries. With a revolutionary design and new high-performance fabric, this glove redefines the standard for flexibility, fit, and breathability. The ultimate weapon for goalkeepers who demand the best!",https://n1gloves.com/en/inicio/21806-goalkeeper-gloves-sirius-20-red-ugt-ii
22521,en_XX,Goalkeeper Gloves Scorpius 2.0 Green Eudes,"Discover the evolution of the most successful goalkeeper glove, now lighter and snugger like a second skin. The Scorpius 2.0 UGT+ II features a Negative cut and a 100% natural German latex palm.",https://n1gloves.com/en/inicio/22521-goalkeeper-gloves-scorpius-20-green-eudes
23693,en_XX,Glove Holder N1,"Mochila espaciosa, ligera y resistente para guardar tus guantes y material de entrenamiento.  
 Sistema de ajuste personalizable de cuerdas. 
  
 Composición: 100% Poliéster",https://n1gloves.com/en/inicio/23693-glove-holder-n1-8435768021578
28485,en_XX,Compressive Sleeves Protek,"Abrasion-resistant compression sleeves. 
 Highly resistant to abrasion, they will protect you from chafing and burns on any surface.",https://n1gloves.com/en/inicio/28485-compressive-sleeves-protek
28489,en_XX,Shin Protek Sleeves,"Compression shin sleeve with integrated impact protection and abrasion resistance. 
 Designed to deliver security, stability and comfort in a single piece. It combines a compressive structure with strategically placed tibial protection, ensuring impact absorption and a secure fit without shifting during play.",https://n1gloves.com/en/inicio/28489-shin-protek-sleeves-
28492,en_XX,N1 Shin Guard IMPACT,"Lightweight high-impact shin guard designed to provide maximum protection without compromising mobility. 
 Its  high-impact polymer outer shell  works together with an  impact-absorbing inner foam layer , cushioning and dispersing energy to reduce the risk of injuries from direct hits or tackles.",https://n1gloves.com/en/inicio/28492-n1-shin-guard-impact
28493,en_XX,Elbow Protek Sleeves,"High-performance compression elbow sleeves specifically designed for football goalkeepers. 
 Engineered to protect one of the most exposed areas during goalkeeper actions, they feature a strategically placed impact-absorbing panel that reduces the intensity of contact against artificial turf and hard surfaces.",https://n1gloves.com/en/inicio/28493-elbow-protek-sleeves
28494,en_XX,Knee Protek Sleeves,"High-performance compression knee pad specifically designed for football goalkeepers. 
 Engineered to protect one of the most exposed areas during saves, dives and ground contact, it features a high-density impact-absorbing panel that reduces contact intensity against artificial turf and hard surfaces.",https://n1gloves.com/en/inicio/28494-knee-protek-sleeves
28495,en_XX,N1 Shin Guard Holders,"Compression shin guard holder designed to keep shin guards securely in place without the need for tape. 
  
 Made from high-performance elastic fabric, it features a  front external pocket  where the shin guard is inserted, keeping it firmly positioned throughout training and competition.",https://n1gloves.com/en/inicio/28495-n1-shin-guard-holders-
28497,en_XX,N1 Beanie,"Training beanie designed for goalkeepers who don’t stop when temperatures drop. 
  
 Winter and night training sessions demand more than attitude. Maintaining body temperature is essential to preserve focus, muscle activation and performance between the posts.",https://n1gloves.com/en/inicio/28497-n1-beanie
28501,en_XX,N1 Thermal Neck,"Training neck warmer designed for goalkeepers who perform in the toughest conditions. 
 Cold weather directly impacts muscle activation and concentration. Keeping the neck area protected helps maintain body temperature and sustain high performance during night sessions or winter training. 
  
 Its technical fabric provides lightweight thermal insulation without adding bulk or restricting movement.",https://n1gloves.com/en/inicio/28501-n1-thermal-neck
28506,en_XX,Gym Sack Black Neon,"Arrive at your matches and training sessions with everything you need. 
 The  N1 Gym Sack  is spacious, lightweight, and durable — perfect for carrying gloves, boots, and all your training gear. Its practical design helps you keep your equipment organized and ready to go. 
  
  Composition:  100% Polyester  Lightweight. Durable. Functional.",https://n1gloves.com/en/inicio/28506-gym-sack-black-neon-8435768047455
28507,en_XX,Gym Sack Neon,"Arrive at your matches and training sessions with everything you need. 
 The  N1 Gym Sack  is spacious, lightweight, and durable — perfect for carrying gloves, boots, and all your training gear. Its practical design helps you keep your equipment organized and ready to go. 
  
  Composition:  100% Polyester  Lightweight. Durable. Functional.",https://n1gloves.com/en/inicio/28507-gym-sack-neon-8435768047493
28508,en_XX,Gym Sack White,"Arrive at your matches and training sessions with everything you need. 
 The  N1 Gym Sack  is spacious, lightweight, and durable — perfect for carrying gloves, boots, and all your training gear. Its practical design helps you keep your equipment organized and ready to go. 
  
  Composition:  100% Polyester  Lightweight. Durable. Functional.",https://n1gloves.com/en/inicio/28508-gym-sack-white-8435768047462
28509,en_XX,Gym Sack Orange,"Arrive at your matches and training sessions with everything you need. 
 The  N1 Gym Sack  is spacious, lightweight, and durable — perfect for carrying gloves, boots, and all your training gear. Its practical design helps you keep your equipment organized and ready to go. 
  
  Composition:  100% Polyester  Lightweight. Durable. Functional.",https://n1gloves.com/en/inicio/28509-gym-sack-orange-8435768047509
28510,en_XX,Gym Sack Green,"Arrive at your matches and training sessions with everything you need. 
 The  N1 Gym Sack  is spacious, lightweight, and durable — perfect for carrying gloves, boots, and all your training gear. Its practical design helps you keep your equipment organized and ready to go. 
  
  Composition:  100% Polyester  Lightweight. Durable. Functional.",https://n1gloves.com/en/inicio/28510-gym-sack-green-8435768047516
28511,en_XX,Gym Sack Pink,"Arrive at your matches and training sessions with everything you need. 
 The  N1 Gym Sack  is spacious, lightweight, and durable — perfect for carrying gloves, boots, and all your training gear. Its practical design helps you keep your equipment organized and ready to go. 
  
  Composition:  100% Polyester  Lightweight. Durable. Functional.",https://n1gloves.com/en/inicio/28511-gym-sack-pink-8435768047486
28512,en_XX,Gym Sack Grey,"Arrive at your matches and training sessions with everything you need. 
 The  N1 Gym Sack  is spacious, lightweight, and durable — perfect for carrying gloves, boots, and all your training gear. Its practical design helps you keep your equipment organized and ready to go. 
  
  Composition:  100% Polyester  Lightweight. Durable. Functional.",https://n1gloves.com/en/inicio/28512-gym-sack-grey-8435768047479
28513,en_XX,Backpack N1,"The  N1 Backpack  is designed to accompany you to every training session, match, and trip. 
 Its smart layout keeps all your gear organized with ease, featuring a spacious main compartment, a quick-access front pocket, and two side mesh pockets for the items you need most. 
 Lightweight, durable, and comfortable, it's the perfect backpack for goalkeepers and football players who need to keep their equipment ready at all times. 
  Compartments:  
 
 1 large main compartment. 
 1 front zip pocket. 
 2 side mesh pockets. 
 
  Material:  High-strength polyester. 
  
  Color:  Black.",https://n1gloves.com/en/inicio/28513-backpack-n1-8435768021585
28515,en_XX,Duffel Bag N1,Duffel Bag N1,https://n1gloves.com/en/inicio/28515-duffel-bag-n1-8435768021592
28983,en_XX,N1 Grip Socks,"Technical anti-slip grip socks. 
 They keep your foot firmly in place inside the boot, preventing internal slipping and improving stability in every action. 
 Ideal for players looking for greater control, precision and confidence on the pitch. 
  
 Composition: 40% Cotton/ 40% Nylon/ 10% Elastane/ 10% Polyester Grip zones: 100% PVC. 
  SIZES  
  Size S  
 
 
 EU: 35–38 
 
 
 US: 3–6 
 
 
  Size M  
 
 
 EU: 39–42 
 
 
 US: 7–9 
 
 
  Size L  
 
 
 EU: 43–46 
 
 
 US: 10–12",https://n1gloves.com/en/inicio/28983-n1-grip-socks
28992,en_XX,N1 Grip Socks - Black,"Technical anti-slip grip socks. 
 They keep your foot firmly in place inside the boot, preventing internal slipping and improving stability in every action. 
 Ideal for players looking for greater control, precision and confidence on the pitch. 
  
 Composition: 40% Cotton/ 40% Nylon/ 10% Elastane/ 10% Polyester Grip zones: 100% PVC. 
  SIZES  
  Size S  
 
 
 EU: 35–38 
 
 
 US: 3–6 
 
 
  Size M  
 
 
 EU: 39–42 
 
 
 US: 7–9 
 
 
  Size L  
 
 
 EU: 43–46 
 
 
 US: 10–12",https://n1gloves.com/en/inicio/28992-n1-grip-socks-black
28993,en_XX,N1 Grip Socks - Yellow,"Technical anti-slip grip socks. 
 They keep your foot firmly in place inside the boot, preventing internal slipping and improving stability in every action. 
 Ideal for players looking for greater control, precision and confidence on the pitch. 
  
 Composition: 40% Cotton/ 40% Nylon/ 10% Elastane/ 10% Polyester Grip zones: 100% PVC. 
  SIZES  
  Size S  
 
 
 EU: 35–38 
 
 
 US: 3–6 
 
 
  Size M  
 
 
 EU: 39–42 
 
 
 US: 7–9 
 
 
  Size L  
 
 
 EU: 43–46 
 
 
 US: 10–12",https://n1gloves.com/en/inicio/28993-n1-grip-socks-yellow
28995,en_XX,N1 Grip Socks - Red,"Technical anti-slip grip socks. 
 They keep your foot firmly in place inside the boot, preventing internal slipping and improving stability in every action. 
 Ideal for players looking for greater control, precision and confidence on the pitch. 
  
 Composition: 40% Cotton/ 40% Nylon/ 10% Elastane/ 10% Polyester Grip zones: 100% PVC. 
  SIZES  
  Size S  
 
 
 EU: 35–38 
 
 
 US: 3–6 
 
 
  Size M  
 
 
 EU: 39–42 
 
 
 US: 7–9 
 
 
  Size L  
 
 
 EU: 43–46 
 
 
 US: 10–12",https://n1gloves.com/en/inicio/28995-n1-grip-socks-red
28997,en_XX,N1 Grip Socks - Green,"Technical anti-slip grip socks. 
 They keep your foot firmly in place inside the boot, preventing internal slipping and improving stability in every action. 
 Ideal for players looking for greater control, precision and confidence on the pitch. 
  
 Composition: 40% Cotton/ 40% Nylon/ 10% Elastane/ 10% Polyester Grip zones: 100% PVC. 
  SIZES  
  Size S  
 
 
 EU: 35–38 
 
 
 US: 3–6 
 
 
  Size M  
 
 
 EU: 39–42 
 
 
 US: 7–9 
 
 
  Size L  
 
 
 EU: 43–46 
 
 
 US: 10–12",https://n1gloves.com/en/inicio/28997-n1-grip-socks-green
28998,en_XX,N1 Grip Socks - Orange,"Technical anti-slip grip socks. 
 They keep your foot firmly in place inside the boot, preventing internal slipping and improving stability in every action. 
 Ideal for players looking for greater control, precision and confidence on the pitch. 
  
 Composition: 40% Cotton/ 40% Nylon/ 10% Elastane/ 10% Polyester Grip zones: 100% PVC. 
  SIZES  
  Size S  
 
 
 EU: 35–38 
 
 
 US: 3–6 
 
 
  Size M  
 
 
 EU: 39–42 
 
 
 US: 7–9 
 
 
  Size L  
 
 
 EU: 43–46 
 
 
 US: 10–12",https://n1gloves.com/en/inicio/28998-n1-grip-socks-orange
28999,en_XX,N1 Grip Socks - Blue,"Technical anti-slip grip socks. 
 They keep your foot firmly in place inside the boot, preventing internal slipping and improving stability in every action. 
 Ideal for players looking for greater control, precision and confidence on the pitch. 
  
 Composition: 40% Cotton/ 40% Nylon/ 10% Elastane/ 10% Polyester Grip zones: 100% PVC. 
  SIZES  
  Size S  
 
 
 EU: 35–38 
 
 
 US: 3–6 
 
 
  Size M  
 
 
 EU: 39–42 
 
 
 US: 7–9 
 
 
  Size L  
 
 
 EU: 43–46 
 
 
 US: 10–12",https://n1gloves.com/en/inicio/28999-n1-grip-socks-blue
29945,en_XX,Match KIT Collection - Spain V1,"Official ZEUS 2.0 – Gloves of Nations Match Kit composed of jersey + matching shorts. 
 Exclusive limited edition collection inspired by the world’s greatest football nations and the atmosphere of football’s biggest summer in 2026. 
 Designed for players and goalkeepers who want to represent their colors with identity, performance, and style on and off the pitch. 
  
 LIMITED EDITION",https://n1gloves.com/en/inicio/29945-match-kit-collection-spain-v1
29958,en_XX,Match KIT Collection - Spain V2,"Official ZEUS 2.0 – Gloves of Nations Match Kit composed of jersey + matching shorts. 
 Exclusive limited edition collection inspired by the world’s greatest football nations and the atmosphere of football’s biggest summer in 2026. 
 Designed for players and goalkeepers who want to represent their colors with identity, performance, and style on and off the pitch. 
  
 LIMITED EDITION",https://n1gloves.com/en/inicio/29958-match-kit-collection-spain-v2
29959,en_XX,Match KIT Collection - Portugal,"Official ZEUS 2.0 – Gloves of Nations Match Kit composed of jersey + matching shorts. 
 Exclusive limited edition collection inspired by the world’s greatest football nations and the atmosphere of football’s biggest summer in 2026. 
 Designed for players and goalkeepers who want to represent their colors with identity, performance, and style on and off the pitch. 
  
 LIMITED EDITION",https://n1gloves.com/en/inicio/29959-match-kit-collection-portugal
29961,en_XX,Match KIT Collection - Germany,"Official ZEUS 2.0 – Gloves of Nations Match Kit composed of jersey + matching shorts. 
 Exclusive limited edition collection inspired by the world’s greatest football nations and the atmosphere of football’s biggest summer in 2026. 
 Designed for players and goalkeepers who want to represent their colors with identity, performance, and style on and off the pitch. 
  
 LIMITED EDITION",https://n1gloves.com/en/inicio/29961-match-kit-collection-germany
29962,en_XX,Match KIT Collection - Brazil V1,"Official ZEUS 2.0 – Gloves of Nations Match Kit composed of jersey + matching shorts. 
 Exclusive limited edition collection inspired by the world’s greatest football nations and the atmosphere of football’s biggest summer in 2026. 
 Designed for players and goalkeepers who want to represent their colors with identity, performance, and style on and off the pitch. 
  
 LIMITED EDITION",https://n1gloves.com/en/inicio/29962-match-kit-collection-brazil-v1
29963,en_XX,Match KIT Collection - Colombia,"Official ZEUS 2.0 – Gloves of Nations Match Kit composed of jersey + matching shorts. 
 Exclusive limited edition collection inspired by the world’s greatest football nations and the atmosphere of football’s biggest summer in 2026. 
 Designed for players and goalkeepers who want to represent their colors with identity, performance, and style on and off the pitch. 
  
 LIMITED EDITION",https://n1gloves.com/en/inicio/29963-match-kit-collection-colombia
29966,en_XX,Match KIT Collection - France,"Official ZEUS 2.0 – Gloves of Nations Match Kit composed of jersey + matching shorts. 
 Exclusive limited edition collection inspired by the world’s greatest football nations and the atmosphere of football’s biggest summer in 2026. 
 Designed for players and goalkeepers who want to represent their colors with identity, performance, and style on and off the pitch. 
  
 LIMITED EDITION",https://n1gloves.com/en/inicio/29966-match-kit-collection-france
29967,en_XX,Match KIT Collection - England,"Official ZEUS 2.0 – Gloves of Nations Match Kit composed of jersey + matching shorts. 
 Exclusive limited edition collection inspired by the world’s greatest football nations and the atmosphere of football’s biggest summer in 2026. 
 Designed for players and goalkeepers who want to represent their colors with identity, performance, and style on and off the pitch. 
  
 LIMITED EDITION",https://n1gloves.com/en/inicio/29967-match-kit-collection-england
29968,en_XX,Match KIT Collection - Japan,"Official ZEUS 2.0 – Gloves of Nations Match Kit composed of jersey + matching shorts. 
 Exclusive limited edition collection inspired by the world’s greatest football nations and the atmosphere of football’s biggest summer in 2026. 
 Designed for players and goalkeepers who want to represent their colors with identity, performance, and style on and off the pitch. 
  
 LIMITED EDITION",https://n1gloves.com/en/inicio/29968-match-kit-collection-japan
29969,en_XX,Match KIT Collection - Netherland,"Official ZEUS 2.0 – Gloves of Nations Match Kit composed of jersey + matching shorts. 
 Exclusive limited edition collection inspired by the world’s greatest football nations and the atmosphere of football’s biggest summer in 2026. 
 Designed for players and goalkeepers who want to represent their colors with identity, performance, and style on and off the pitch. 
  
 LIMITED EDITION",https://n1gloves.com/en/inicio/29969-match-kit-collection-netherland
29971,en_XX,Match KIT Collection - Belgium,"Official ZEUS 2.0 – Gloves of Nations Match Kit composed of jersey + matching shorts. 
 Exclusive limited edition collection inspired by the world’s greatest football nations and the atmosphere of football’s biggest summer in 2026. 
 Designed for players and goalkeepers who want to represent their colors with identity, performance, and style on and off the pitch. 
  
 LIMITED EDITION",https://n1gloves.com/en/inicio/29971-match-kit-collection-belgium
29972,en_XX,Match KIT Collection - Mexico,"Official ZEUS 2.0 – Gloves of Nations Match Kit composed of jersey + matching shorts. 
 Exclusive limited edition collection inspired by the world’s greatest football nations and the atmosphere of football’s biggest summer in 2026. 
 Designed for players and goalkeepers who want to represent their colors with identity, performance, and style on and off the pitch. 
  
 LIMITED EDITION",https://n1gloves.com/en/inicio/29972-match-kit-collection-mexico
29973,en_XX,Match KIT Collection - USA,"Official ZEUS 2.0 – Gloves of Nations Match Kit composed of jersey + matching shorts. 
 Exclusive limited edition collection inspired by the world’s greatest football nations and the atmosphere of football’s biggest summer in 2026. 
 Designed for players and goalkeepers who want to represent their colors with identity, performance, and style on and off the pitch. 
  
 LIMITED EDITION",https://n1gloves.com/en/inicio/29973-match-kit-collection-usa
29974,en_XX,Match KIT Collection - Canada,"Official ZEUS 2.0 – Gloves of Nations Match Kit composed of jersey + matching shorts. 
 Exclusive limited edition collection inspired by the world’s greatest football nations and the atmosphere of football’s biggest summer in 2026. 
 Designed for players and goalkeepers who want to represent their colors with identity, performance, and style on and off the pitch. 
  
 LIMITED EDITION",https://n1gloves.com/en/inicio/29974-match-kit-collection-canada
29975,en_XX,Match KIT Collection - Panama,"Official ZEUS 2.0 – Gloves of Nations Match Kit composed of jersey + matching shorts. 
 Exclusive limited edition collection inspired by the world’s greatest football nations and the atmosphere of football’s biggest summer in 2026. 
 Designed for players and goalkeepers who want to represent their colors with identity, performance, and style on and off the pitch. 
  
 LIMITED EDITION",https://n1gloves.com/en/inicio/29975-match-kit-collection-panama
29980,en_XX,Match KIT Collection - Brasil V2,"Official ZEUS 2.0 – Gloves of Nations Match Kit composed of jersey + matching shorts. 
 Exclusive limited edition collection inspired by the world’s greatest football nations and the atmosphere of football’s biggest summer in 2026. 
 Designed for players and goalkeepers who want to represent their colors with identity, performance, and style on and off the pitch. 
  
 LIMITED EDITION",https://n1gloves.com/en/inicio/29980-match-kit-collection-brasil-v2
29981,en_XX,Match KIT Collection - Brasil V3,"Official ZEUS 2.0 – Gloves of Nations Match Kit composed of jersey + matching shorts. 
 Exclusive limited edition collection inspired by the world’s greatest football nations and the atmosphere of football’s biggest summer in 2026. 
 Designed for players and goalkeepers who want to represent their colors with identity, performance, and style on and off the pitch. 
  
 LIMITED EDITION",https://n1gloves.com/en/inicio/29981-match-kit-collection-brasil-v3
30374,en_XX,Gym Sack Black,"Arrive at your matches and training sessions with everything you need. 
 The  N1 Gym Sack  is spacious, lightweight, and durable — perfect for carrying gloves, boots, and all your training gear. Its practical design helps you keep your equipment organized and ready to go. 
  
  Composition:  100% Polyester  Lightweight. Durable. Functional.",https://n1gloves.com/en/inicio/30374-gym-sack-black-8435768047448
30569,en_XX,Trainning Football Aura,"Training ball featuring a 16-panel machine-stitched construction and FIFA Basic standard. Designed for the daily training needs of clubs, academies, football schools and players. 
  
 Available in sizes 3, 4 and 5.",https://n1gloves.com/en/inicio/30569-trainning-football-aura
30574,en_XX,Match Football Katana Origin,"Match and training ball featuring a hybrid construction with 16 thermally bonded panels and FIFA Quality standard. Designed for 11-a-side and 7-a-side football matches and competitions.   
  
 Available in sizes 3, 4 and 5.",https://n1gloves.com/en/inicio/30574-match-football-katana-origin
30590,en_XX,Match Football Katana Edge,"Match and training ball featuring a hybrid construction with 16 thermally bonded panels and FIFA Quality standard. Designed for 11-a-side and 7-a-side football matches and competitions. 
  
 Available in sizes 3, 4 and 5.",https://n1gloves.com/en/inicio/30590-match-football-katana-edge
30591,en_XX,Pro Match Football Elysium,"Premium match ball featuring a 20-panel hand-stitched construction and a Japanese microfiber cover. Designed to deliver a high-quality touch and optimal performance during play. 
 Available in size 5.",https://n1gloves.com/en/inicio/30591-pro-match-football-elysium
31023,en_XX,Goalkeeper Jersey Carbon,"Long sleeve training jersey. 
 Made from polyester, a fabric that provides excellent freedom of movement, lightweight comfort and outstanding breathability. 
  Composition:  100% Polyester.",https://n1gloves.com/en/inicio/31023-goalkeeper-jersey-carbon
31045,en_XX,Sweatshirt Speedo Black N1,"Goalkeeper training sweatshirt. 
 Developed with a blend of polyester and elastane, it provides an exceptional fit while allowing complete freedom of movement during every training session.",https://n1gloves.com/en/inicio/31045-sweatshirt-speedo-black-n1
31048,en_XX,Training Sweatshirt Tarry Black,"Goalkeeper training sweatshirt. 
 Developed with a blend of polyester and elastane, it provides an exceptional fit while allowing complete freedom of movement during every training session.",https://n1gloves.com/en/inicio/31048-training-sweatshirt-tarry-black-
31049,en_XX,Training Sweatshirt Tarry White,"Goalkeeper training sweatshirt. 
 Developed with a blend of polyester and elastane, it provides an exceptional fit while allowing complete freedom of movement during every training session.",https://n1gloves.com/en/inicio/31049-training-sweatshirt-tarry-white
31050,en_XX,Pants Tarry Black,"Developed with  TARRY  fabric, a technical polyester and elastane blend that provides an exceptional fit, maximum elasticity and complete freedom of movement. 
 Its lightweight construction delivers outstanding comfort without compromising the durability required for everyday training.",https://n1gloves.com/en/inicio/31050-pants-tarry-black
31052,en_XX,Pants Tarry White,"Developed with  TARRY  fabric, a technical polyester and elastane blend that provides an exceptional fit, maximum elasticity and complete freedom of movement. 
 Its lightweight construction delivers outstanding comfort without compromising the durability required for everyday training.",https://n1gloves.com/en/inicio/31052-pants-tarry-white
23498,en_XX,Goalkeeper Gloves Zeus 2.0 Carbon UGT+ II,"Discover the evolution of goalkeeper gloves with maximum performance, comfort, and fit. The Zeus 2.0 redefines excellence with next-generation technologies such as the Vapor Negative cut and the Airflex Pro body.",https://n1gloves.com/en/range/23498-goalkeeper-gloves-zeus-20-carbon-ugt-ii
23499,en_XX,Goalkeeper Gloves Zeus 2.0 Snow UGT+ II,"Discover the evolution of goalkeeper gloves with maximum performance, comfort, and fit. The Zeus 2.0 redefines excellence with next-generation technologies such as the Vapor Negative cut and the Airflex Pro body.",https://n1gloves.com/en/range/23499-goalkeeper-gloves-zeus-20-snow-ugt-ii
23500,en_XX,Goalkeeper Gloves Zeus 2.0 Galaxy UGT+ II,"Discover the evolution of goalkeeper gloves with maximum performance, comfort, and fit. The Zeus 2.0 redefines excellence with next-generation technologies such as the Vapor Negative cut and the Airflex Pro body.",https://n1gloves.com/en/range/23500-goalkeeper-gloves-zeus-20-galaxy-ugt-ii
23501,en_XX,Goalkeeper Gloves Zeus 2.0 Phoenix UGT+ II,"Discover the evolution of goalkeeper gloves with maximum performance, comfort, and fit. The Zeus 2.0 redefines excellence with next-generation technologies such as the Vapor Negative cut and the Airflex Pro body.",https://n1gloves.com/en/range/23501-goalkeeper-gloves-zeus-20-phoenix-ugt-ii
23504,en_XX,Goalkeeper Gloves Zeus 2.0 Storm UGT+ II,"Discover the evolution of goalkeeper gloves with maximum performance, comfort, and fit. The Zeus 2.0 redefines excellence with next-generation technologies such as the Vapor Negative cut and the Airflex Pro body.",https://n1gloves.com/en/range/23504-goalkeeper-gloves-zeus-20-storm-ugt-ii
23505,en_XX,Goalkeeper Gloves Zeus 2.0 Breeze UGT+ II,"Discover the evolution of goalkeeper gloves with maximum performance, comfort, and fit. The Zeus 2.0 redefines excellence with next-generation technologies such as the Vapor Negative cut and the Airflex Pro body.",https://n1gloves.com/en/range/23505-goalkeeper-gloves-zeus-20-breeze-ugt-ii
25501,en_XX,Goalkeeper Gloves Zeus 2.0 Aura UGT+ II,"Discover the evolution of goalkeeper gloves combining ultimate performance, comfort, and fit. The Zeus 2.0 redefines excellence with cutting-edge tech like Vapor Negative Cut and Airflex Pro body.",https://n1gloves.com/en/range/25501-goalkeeper-gloves-zeus-20-aura-ugt-ii
25520,en_XX,Goalkeeper Gloves Zeus 2.0 Iris UGT+ II,"Discover the evolution of goalkeeper gloves combining ultimate performance, comfort, and fit. The Zeus 2.0 redefines excellence with cutting-edge tech like Vapor Negative Cut and Airflex Pro body.",https://n1gloves.com/en/range/25520-goalkeeper-gloves-zeus-20-iris-ugt-ii
26247,en_XX,Goalkeeper Gloves Zeus 2.0 Stellar UGT+ II,"Discover the evolution of goalkeeper gloves combining ultimate performance, comfort, and fit. The Zeus 2.0 redefines excellence with cutting-edge tech like Vapor Negative Cut and Airflex Pro body.",https://n1gloves.com/en/range/26247-goalkeeper-gloves-zeus-20-stellar-ugt-ii
27537,en_XX,Goalkeeper Gloves Zeus 2.0 Lunar UGT+ II,"Discover the evolution of goalkeeper gloves combining ultimate performance, comfort, and fit. The Zeus 2.0 redefines excellence with cutting-edge tech like Vapor Negative Cut and Airflex Pro body.",https://n1gloves.com/en/range/27537-goalkeeper-gloves-zeus-20-lunar-ugt-ii
29913,en_XX,Goalkeeper Gloves Zeus 2.0 Spain V1 UGT+ II,"Discover a collection created for those who live football with passion, identity, and pride. The new  ZEUS 2.0 – Gloves of Nations  combine elite professional performance with the colors and identity that inspire millions of football fans around the world. 
 Each design is inspired by the essence, energy, and personality of different football nations, transforming every glove into much more than a performance tool: a way to represent your colors on the pitch. 
  
 Includes FREE Gymsack matching the country colors.",https://n1gloves.com/en/range/29913-goalkeeper-gloves-zeus-20-spain-v1-ugt-ii
29914,en_XX,Goalkeeper Gloves Zeus 2.0 Spain V2 UGT+ II,"Discover a collection created for those who live football with passion, identity, and pride. The new  ZEUS 2.0 – Gloves of Nations  combine elite professional performance with the colors and identity that inspire millions of football fans around the world. 
 Each design is inspired by the essence, energy, and personality of different football nations, transforming every glove into much more than a performance tool: a way to represent your colors on the pitch. 
  
 Includes FREE Gymsack matching the country colors.",https://n1gloves.com/en/range/29914-goalkeeper-gloves-zeus-20-spain-v2-ugt-ii
29915,en_XX,Goalkeeper Gloves Zeus 2.0 Portugal UGT+ II,"Discover a collection created for those who live football with passion, identity, and pride. The new  ZEUS 2.0 – Gloves of Nations  combine elite professional performance with the colors and identity that inspire millions of football fans around the world. 
 Each design is inspired by the essence, energy, and personality of different football nations, transforming every glove into much more than a performance tool: a way to represent your colors on the pitch. 
  
 Includes FREE Gymsack matching the country colors.",https://n1gloves.com/en/range/29915-goalkeeper-gloves-zeus-20-portugal-ugt-ii
29916,en_XX,Goalkeeper Gloves Zeus 2.0 Argentina UGT+ II,"Discover a collection created for those who live football with passion, identity, and pride. The new  ZEUS 2.0 – Gloves of Nations  combine elite professional performance with the colors and identity that inspire millions of football fans around the world. 
 Each design is inspired by the essence, energy, and personality of different football nations, transforming every glove into much more than a performance tool: a way to represent your colors on the pitch. 
  
 Includes FREE Gymsack matching the country colors.",https://n1gloves.com/en/range/29916-goalkeeper-gloves-zeus-20-argentina-ugt-ii
29917,en_XX,Goalkeeper Gloves Zeus 2.0 Germany UGT+ II,"Discover a collection created for those who live football with passion, identity, and pride. The new  ZEUS 2.0 – Gloves of Nations  combine elite professional performance with the colors and identity that inspire millions of football fans around the world. 
 Each design is inspired by the essence, energy, and personality of different football nations, transforming every glove into much more than a performance tool: a way to represent your colors on the pitch. 
  
 Includes FREE Gymsack matching the country colors.",https://n1gloves.com/en/range/29917-goalkeeper-gloves-zeus-20-germany-ugt-ii
29918,en_XX,Goalkeeper Gloves Zeus 2.0 Brazil V1 UGT+ II,"Discover a collection created for those who live football with passion, identity, and pride. The new  ZEUS 2.0 – Gloves of Nations  combine elite professional performance with the colors and identity that inspire millions of football fans around the world. 
 Each design is inspired by the essence, energy, and personality of different football nations, transforming every glove into much more than a performance tool: a way to represent your colors on the pitch. 
  
 Includes FREE Gymsack matching the country colors.",https://n1gloves.com/en/range/29918-goalkeeper-gloves-zeus-20-brazil-v1-ugt-ii
29920,en_XX,Goalkeeper Gloves Zeus 2.0 Colombia UGT+ II,"Discover a collection created for those who live football with passion, identity, and pride. The new  ZEUS 2.0 – Gloves of Nations  combine elite professional performance with the colors and identity that inspire millions of football fans around the world. 
 Each design is inspired by the essence, energy, and personality of different football nations, transforming every glove into much more than a performance tool: a way to represent your colors on the pitch. 
  
 Includes FREE Gymsack matching the country colors.",https://n1gloves.com/en/range/29920-goalkeeper-gloves-zeus-20-colombia-ugt-ii
29921,en_XX,Goalkeeper Gloves Zeus 2.0 France UGT+ II,"Discover a collection created for those who live football with passion, identity, and pride. The new  ZEUS 2.0 – Gloves of Nations  combine elite professional performance with the colors and identity that inspire millions of football fans around the world. 
 Each design is inspired by the essence, energy, and personality of different football nations, transforming every glove into much more than a performance tool: a way to represent your colors on the pitch. 
  
 Includes FREE Gymsack matching the country colors.",https://n1gloves.com/en/range/29921-goalkeeper-gloves-zeus-20-france-ugt-ii
29922,en_XX,Goalkeeper Gloves Zeus 2.0 England UGT+ II,"Discover a collection created for those who live football with passion, identity, and pride. The new  ZEUS 2.0 – Gloves of Nations  combine elite professional performance with the colors and identity that inspire millions of football fans around the world. 
 Each design is inspired by the essence, energy, and personality of different football nations, transforming every glove into much more than a performance tool: a way to represent your colors on the pitch. 
  
 Includes FREE Gymsack matching the country colors.",https://n1gloves.com/en/range/29922-goalkeeper-gloves-zeus-20-england-ugt-ii
29923,en_XX,Goalkeeper Gloves Zeus 2.0 Japão UGT+ II,"Discover a collection created for those who live football with passion, identity, and pride. The new  ZEUS 2.0 – Gloves of Nations  combine elite professional performance with the colors and identity that inspire millions of football fans around the world. 
 Each design is inspired by the essence, energy, and personality of different football nations, transforming every glove into much more than a performance tool: a way to represent your colors on the pitch. 
  
 Includes FREE Gymsack matching the country colors.",https://n1gloves.com/en/range/29923-goalkeeper-gloves-zeus-20-japao-ugt-ii
29924,en_XX,Goalkeeper Gloves Zeus 2.0 Netherlands UGT+ II,"Discover a collection created for those who live football with passion, identity, and pride. The new  ZEUS 2.0 – Gloves of Nations  combine elite professional performance with the colors and identity that inspire millions of football fans around the world. 
 Each design is inspired by the essence, energy, and personality of different football nations, transforming every glove into much more than a performance tool: a way to represent your colors on the pitch. 
  
 Includes FREE Gymsack matching the country colors.",https://n1gloves.com/en/range/29924-goalkeeper-gloves-zeus-20-netherlands-ugt-ii
29925,en_XX,Goalkeeper Gloves Zeus 2.0 Belgium UGT+ II,"Discover a collection created for those who live football with passion, identity, and pride. The new  ZEUS 2.0 – Gloves of Nations  combine elite professional performance with the colors and identity that inspire millions of football fans around the world. 
 Each design is inspired by the essence, energy, and personality of different football nations, transforming every glove into much more than a performance tool: a way to represent your colors on the pitch. 
  
 Includes FREE Gymsack matching the country colors.",https://n1gloves.com/en/range/29925-goalkeeper-gloves-zeus-20-belgium-ugt-ii
29926,en_XX,Goalkeeper Gloves Zeus 2.0 Mexico UGT+ II,"Discover a collection created for those who live football with passion, identity, and pride. The new  ZEUS 2.0 – Gloves of Nations  combine elite professional performance with the colors and identity that inspire millions of football fans around the world. 
 Each design is inspired by the essence, energy, and personality of different football nations, transforming every glove into much more than a performance tool: a way to represent your colors on the pitch. 
  
 Includes FREE Gymsack matching the country colors.",https://n1gloves.com/en/range/29926-goalkeeper-gloves-zeus-20-mexico-ugt-ii
29927,en_XX,Goalkeeper Gloves Zeus 2.0 USA UGT+ II,"Discover a collection created for those who live football with passion, identity, and pride. The new  ZEUS 2.0 – Gloves of Nations  combine elite professional performance with the colors and identity that inspire millions of football fans around the world. 
 Each design is inspired by the essence, energy, and personality of different football nations, transforming every glove into much more than a performance tool: a way to represent your colors on the pitch. 
  
 Includes FREE Gymsack matching the country colors.",https://n1gloves.com/en/range/29927-goalkeeper-gloves-zeus-20-usa-ugt-ii
29928,en_XX,Goalkeeper Gloves Zeus 2.0 Canada UGT+ II,"Discover a collection created for those who live football with passion, identity, and pride. The new  ZEUS 2.0 – Gloves of Nations  combine elite professional performance with the colors and identity that inspire millions of football fans around the world. 
 Each design is inspired by the essence, energy, and personality of different football nations, transforming every glove into much more than a performance tool: a way to represent your colors on the pitch. 
  
 Includes FREE Gymsack matching the country colors.",https://n1gloves.com/en/range/29928-goalkeeper-gloves-zeus-20-canada-ugt-ii
29929,en_XX,Goalkeeper Gloves Zeus 2.0 Panama UGT+ II,"Discover a collection created for those who live football with passion, identity, and pride. The new  ZEUS 2.0 – Gloves of Nations  combine elite professional performance with the colors and identity that inspire millions of football fans around the world. 
 Each design is inspired by the essence, energy, and personality of different football nations, transforming every glove into much more than a performance tool: a way to represent your colors on the pitch. 
  
 Includes FREE Gymsack matching the country colors.",https://n1gloves.com/en/range/29929-goalkeeper-gloves-zeus-20-panama-ugt-ii
31072,en_XX,Goalkeeper Gloves Zeus 2.0 Muse UGT+ II,"Discover the evolution of goalkeeper gloves combining ultimate performance, comfort, and fit. The Zeus 2.0 redefines excellence with cutting-edge tech like Vapor Negative Cut and Airflex Pro body.",https://n1gloves.com/en/range/31072-goalkeeper-gloves-zeus-20-muse-ugt-ii
31200,en_XX,Goalkeeper Gloves Zeus 2.0 Zafyr UGT+ II,"Discover the evolution of goalkeeper gloves combining ultimate performance, comfort, and fit. The Zeus 2.0 redefines excellence with cutting-edge tech like Vapor Negative Cut and Airflex Pro body.",https://n1gloves.com/en/range/31200-goalkeeper-gloves-zeus-20-zafyr-ugt-ii
13283,en_XX,Goalkeeper Gloves Horus 2.0 Elite White II,Goalkeeper gloves with Hybrid Roll-Negative cut and a palm made with our 100% natural German Latex Contact Grip.,https://n1gloves.com/en/horus-20/13283-goalkeeper-gloves-horus-20-elite-white-ii
13284,en_XX,Goalkeeper Gloves Horus 2.0 Elite Black II,Goalkeeper gloves with Hybrid Roll-Negative cut and a palm made with our 100% natural German Latex Contact Grip.,https://n1gloves.com/en/horus-20/13284-goalkeeper-gloves-horus-20-elite-black-ii
13285,en_XX,Goalkeeper Gloves Horus 2.0 Elite Gold II,Goalkeeper gloves with Hybrid Roll-Negative cut and a palm made with our 100% natural German Latex Contact Grip.,https://n1gloves.com/en/horus-20/13285-goalkeeper-gloves-horus-20-elite-gold-ii
102,en_XX,Goalkeeper Gloves Beta 2.0 Elite Blue,Goalkeeper gloves with Hybrid Roll-Negative cut and a palm made with our 100% natural German Latex Quartz Grip.,https://n1gloves.com/en/beta-20/102-goalkeeper-gloves-beta-20-elite-blue
10470,en_XX,copy of Sweatshirt Hoodie Black,"¡NEW!   Nueva sudadera Hoodie, con un diseño renovado y un estilo único.",https://n1gloves.com/en/clothing/10470-sweatshirt-hoodie-black
111,en_XX,Raincoat Black/White,"Chubasquero N1 impermeable de poliéster. 
 El tejido con el que está fabricado es ideal para combatir el frio, el viento y la lluvia, además de ser muy duradero y transpirable.  Color: Negro/Blanco",https://n1gloves.com/en/raincoats/111-raincoats
708,en_XX,Compression Shorts Protek,Shorts térmico-compresivos de Lycra con protecciones en las caderas,https://n1gloves.com/en/base-layer/708-compression-shorts-protek
132,en_XX,Goalkeeper Gloves Beta 2.0 Kids Blue,Kids Goalkeeper gloves  with Negative cut and German latex palm 100% natural Super Low Grip.,https://n1gloves.com/en/kids-ii/132-goalkeeper-gloves-beta-20-kids-blue
133,en_XX,Goalkeeper Gloves Horus 2.0 Kids Gold,Kids Goalkeeper gloves  with negative cut and German latex palm 100% natural Super Low Grip.,https://n1gloves.com/en/kids-ii/133-goalkeeper-gloves-horus-20-kids-gold
13535,en_XX,Goalkeeper Gloves Scorpius 2.0 Kids All Black,Kids Goalkeeper gloves  with negative cut and German latex palm 100% natural Super Low Grip.,https://n1gloves.com/en/kids-ii/13535-goalkeeper-gloves-scorpius-20-kids-all-black
13539,en_XX,Goalkeeper Gloves Scorpius 2.0 Kids Pink,Kids Goalkeeper gloves  with negative cut and German latex palm 100% natural Super Low Grip.,https://n1gloves.com/en/kids-ii/13539-goalkeeper-gloves-scorpius-20-kids-pink
108,en_XX,Goalkeeper Pants,Pantalón largo de portero acolchado con protecciones en caderas y rodillas.,https://n1gloves.com/en/goalkeeper-clothes/108-goalkeeper-pants
109,en_XX,Training Shorts,Pantalón corto de entrenamiento y competición N1.  Composición: 100% Poliéster,https://n1gloves.com/en/goalkeeper-clothes/109-training-shorts
11723,en_XX,Goalkeeper Pants 3/4,Pantalón 3/4 de portero acolchado con protecciones en caderas y rodillas.,https://n1gloves.com/en/goalkeeper-clothes/11723-goalkeeper-pants-34
112,en_XX,Raincoat Black/Neon,"Chubasquero N1 impermeable de poliéster. 
 El tejido con el que está fabricado es ideal para combatir el frio, el viento y la lluvia, además de ser muy duradero y transpirable.  Color: Negro/Neón",https://n1gloves.com/en/sales/112-raincoats
532,en_XX,Reflex Ball,"This training ball was specifically designed for goalkeepers. The N1 Reflex Ball helps significantly to improve reflexes, reaction time and agility.",https://n1gloves.com/en/sales/532-reflex-ball
547,en_XX,Compression Shorts,Compression Shorts,https://n1gloves.com/en/sales/547-compression-shorts
1499,en_XX,Goalkeeper Gloves Horus 2.0 Elite Zaka,Goalkeeper gloves with Negative cut and a palm made with our 100% natural German Latex Contact Grip.,https://n1gloves.com/en/sales/1499-goalkeeper-gloves-horus-20-elite-zaka
2561,en_XX,Sweatshirt Hoodie Red,"¡NEW!   Nueva sudadera Hoodie, con un diseño renovado y un estilo único.",https://n1gloves.com/en/sales/2561-sweatshirt-hoodie-red
2571,en_XX,Sweatshirt Hoodie Gray,"¡NEW!   Nueva sudadera Hoodie, con un diseño renovado y un estilo único.",https://n1gloves.com/en/sales/2571-sweatshirt-hoodie-gray
2572,en_XX,Sweatshirt Hoodie Blue,"¡NEW!   Nueva sudadera Hoodie, con un diseño renovado y un estilo único.",https://n1gloves.com/en/sales/2572-sweatshirt-hoodie-blue
2573,en_XX,Sweatshirt Hoodie Black,"¡NEW!   Nueva sudadera Hoodie, con un diseño renovado y un estilo único.",https://n1gloves.com/en/sales/2573-sweatshirt-hoodie-black
13286,en_XX,Goalkeeper Gloves Horus 2.0 Elite Red II,Goalkeeper gloves with Roll-Negative cut and a palm made with our 100% natural German Latex Contact Grip.,https://n1gloves.com/en/20/13286-goalkeeper-gloves-horus-20-elite-red-ii
13318,en_XX,Goalkeeper Gloves Horus 2.0 Elite All Blue,Goalkeeper gloves with Hybrid Ergo-Roll cut and a palm made with our 100% natural German Latex AquaControl+,https://n1gloves.com/en/20/13318-goalkeeper-gloves-horus-20-elite-all-blue
15967,en_XX,Goalkeeper Gloves Horus 2.0 Elite All Red,Goalkeeper gloves with Negative cut and a palm made with our 100% natural German Latex Contact Grip.,https://n1gloves.com/en/20/15967-goalkeeper-gloves-horus-20-elite-all-red
106,en_XX,Training T-Shirt Orange,"Camiseta de manga corta para entrenamiento. 
 Confeccionada en poliéster, un tejido que te proporcionará libertad de movimientos, ligereza y transpirabilidad.",https://n1gloves.com/en/30/106-training-t-shirt-orange
107,en_XX,Training T-Shirt,"Camiseta de manga corta para entrenamiento. 
 Confeccionada en poliéster, un tejido que te proporcionará libertad de movimientos, ligereza y transpirabilidad.",https://n1gloves.com/en/30/107-training-t-shirt
110,en_XX,Training Pants,Pantalón largo ajustado de entrenamiento para porteros y jugadores  Lycra de alta calidad: 92% Poliamida / 8% Elastano,https://n1gloves.com/en/30/110--training-pants
116,en_XX,Compressive Sleeves,"Manguitos de compresión antiabrasión. 
 Muy resistentes a la abrasión, te protegerán de rozaduras y quemaduras en cualquier superficie.",https://n1gloves.com/en/30/116-compressive-sleeves
122,en_XX,Polo T-Shirt,Polo T-Shirt,https://n1gloves.com/en/30/122-polo-t-shirt
127,en_XX,Base Layer Trousers,Mallas térmicas compresivas largas muy resistentes,https://n1gloves.com/en/30/127-base-layer-trousers-protek
128,en_XX,Base Layer T-Shirt,Camiseta térmica compresiva de manga larga.,https://n1gloves.com/en/30/128-base-layer-t-shirt
236,en_XX,Raincoat Yellow Neon,"Chubasquero N1 impermeable de poliéster. 
 El tejido con el que está fabricado es ideal para combatir el frio, el viento y la lluvia, además de ser muy duradero y transpirable.  Color: Amarillo Neón",https://n1gloves.com/en/30/236-raincoat-yellow-neon
323,en_XX,Tracksuit Yellow/Black,"Nuevo chándal de paseo N1 en colores amarillo y negro. 
 Sudadera compuesta por cremallera y capucha con bolsillos laterales sin cremallera. 
 Pantalón regular fit con bolsillos sin cremallera.",https://n1gloves.com/en/30/323-tracksuit-yellowblack
324,en_XX,Pants Speedo Black,Pants Speedo Black,https://n1gloves.com/en/30/324-pants-speedo-black
326,en_XX,Sweatshirt Blue Navy,"Sudadera de entrenamiento para porteros. 
 Desarrollada en poliéster + elastano te dará un ajuste sensacional a la vez que te permitirá una movilidad perfecta en tus entrenamientos.",https://n1gloves.com/en/30/326-sweatshirt-blue-navy
705,en_XX,Compression T-shirt Protek,Camiseta térmica compresiva de manga larga con protecciones en codos.,https://n1gloves.com/en/30/705-compression-t-shirt-protek
706,en_XX,Base Layer Trousers Protek,Mallas térmicas compresivas de Lycra con protecciones en caderas y rodillas.,https://n1gloves.com/en/30/706-base-layer-trousers-protek
976,en_XX,Goalkeeper Gloves Cronos Black DUO,"Cronos Black DUO 
 Professional goalkeeper gloves in BLACKOUT COLOR. Completely made of latex, in a Roll-Negative hybrid cut and with a Mesh body. It incorporates the new DUO GRIP palm.",https://n1gloves.com/en/30/976-goalkeeper-gloves-cronos-black-duo
1223,en_XX,Goalkeeper Gloves Horus 2.0 Elite Blue,Goalkeeper gloves with Rollfinger cut and a palm made with our 100% natural German Latex Contact Grip.,https://n1gloves.com/en/30/1223--goalkeeper-gloves-horus-20-elite-blue
3220,en_XX,Jersey Verdy,"Camiseta de manga corta para entrenamiento. 
 Confeccionada en poliéster, un tejido que te proporcionará libertad de movimientos, ligereza y transpirabilidad.",https://n1gloves.com/en/30/3220-jersey-verdy
12835,en_XX,ULTRAGRIP Gloves,"Crafted with cutting-edge technology, this innovative spray aims to restore the grip on used gloves and extend their lifespan while providing protection and superior adhesion.",https://n1gloves.com/en/50/12835-ultragrip-gloves-0618231848669
978,en_XX,Goalkeeper Gloves Cronos White DUO,"Professional goalkeeper gloves in WHITE color. Completely made of latex, in a Roll-Negative hybrid cut and with a Mesh body. It incorporates the new DUO GRIP palm.",https://n1gloves.com/en/cronos/978-goalkeeper-gloves-cronos-white-duo
13255,en_XX,Goalkeeper Gloves GEA White  UGT+ II,"Discover theIntroducing the new standard in comfort and performance with GEA UGT+ II gloves. Designed to take your game to the next level, these premium gloves offer a sense of lightness, exceptional cushioning, and superior grip. Get ready for more precise saves, comfort, and a perfect fit. evolution of the most successful goalkeeper glove, now lighter and snugger like a second skin. The Scorpius 2.0 UGT+ II features a Negative cut and a 100% natural German latex palm.",https://n1gloves.com/en/10/13255-goalkeeper-gloves-gea-white-ugt-ii
13538,en_XX,Goalkeeper Gloves Scorpius 2.0 Kids Red,Kids Goalkeeper gloves  with negative cut and German latex palm 100% natural Super Low Grip.,https://n1gloves.com/en/10/13538-goalkeeper-gloves-scorpius-20-kids-red
13541,en_XX,Goalkeeper Gloves Scorpius 2.0 Kids Neon,Kids Goalkeeper gloves  with negative cut and German latex palm 100% natural Super Low Grip.,https://n1gloves.com/en/10/13541-goalkeeper-gloves-scorpius-20-kids-neon
15361,en_XX,Goalkeeper Gloves Horus 2.0 Elite Purple II,Goalkeeper gloves with Negative cut and a palm made with our 100% natural German Latex Contact Grip.,https://n1gloves.com/en/10/15361-goalkeeper-gloves-horus-20-elite-purple-ii
17026,en_XX,Goalkeeper Gloves Scorpius 2.0 Orange Blue UGT+ II,"Discover the evolution of the most successful goalkeeper glove, now lighter and snugger like a second skin. The Scorpius 2.0 UGT+ II features a Negative cut and a 100% natural German latex palm.",https://n1gloves.com/en/10/17026-goalkeeper-gloves-scorpius-20-orange-blue-ugt-ii
13249,en_XX,Goalkeeper Gloves Scorpius 2.0 All Black UGT+ II,"Discover the evolution of the most successful goalkeeper glove, now lighter and snugger like a second skin. The Scorpius 2.0 UGT+ II features a Negative cut and a 100% natural German latex palm.",https://n1gloves.com/en/scorpius-20/13249-goalkeeper-gloves-scorpius-20-all-black-ugt-ii
13250,en_XX,Goalkeeper Gloves Scorpius 2.0 All White UGT+ II,"Discover the evolution of the most successful goalkeeper glove, now lighter and snugger like a second skin. The Scorpius 2.0 UGT+ II features a Negative cut and a 100% natural German latex palm.",https://n1gloves.com/en/scorpius-20/13250-goalkeeper-gloves-scorpius-20-all-white-ugt-ii
13251,en_XX,Goalkeeper Gloves Scorpius 2.0 Pink UGT+ II,"Discover the evolution of the most successful goalkeeper glove, now lighter and snugger like a second skin. The Scorpius 2.0 UGT+ II features a Negative cut and a 100% natural German latex palm.",https://n1gloves.com/en/scorpius-20/13251-goalkeeper-gloves-scorpius-20-pink-ugt-ii
13252,en_XX,Goalkeeper Gloves Scorpius 2.0 Red UGT+ II,"Discover the evolution of the most successful goalkeeper glove, now lighter and snugger like a second skin. The Scorpius 2.0 UGT+ II features a Negative cut and a 100% natural German latex palm.",https://n1gloves.com/en/scorpius-20/13252-goalkeeper-gloves-scorpius-20-red-ugt-ii
13254,en_XX,Goalkeeper Gloves Scorpius 2.0 AquaControl+,"Discover the evolution of the most successful goalkeeper glove, now lighter and snugger like a second skin. The Scorpius 2.0 AquaControl+ features a Negative cut and a 100% natural German latex palm.",https://n1gloves.com/en/scorpius-20/13254-goalkeeper-gloves-scorpius-20-aquacontrol
15276,en_XX,Goalkeeper Gloves Scorpius 2.0 Blue Orange UGT+ II,"Discover the evolution of the most successful goalkeeper glove, now lighter and snugger like a second skin. The Scorpius 2.0 UGT+ II features a Negative cut and a 100% natural German latex palm.",https://n1gloves.com/en/scorpius-20/15276-goalkeeper-gloves-scorpius-20-blue-orange-ugt-ii
15277,en_XX,Goalkeeper Gloves Scorpius 2.0 Golden UGT+II,"Discover the evolution of the most successful goalkeeper glove, now lighter and snugger like a second skin. The Scorpius 2.0 UGT+ II features a Negative cut and a 100% natural German latex palm.",https://n1gloves.com/en/scorpius-20/15277-goalkeeper-gloves-scorpius-20-golden-ugtii
15295,en_XX,Goalkeeper Gloves Scorpius 2.0 Golden Black UGT+II,"Discover the evolution of the most successful goalkeeper glove, now lighter and snugger like a second skin. The Scorpius 2.0 UGT+ II features a Negative cut and a 100% natural German latex palm.",https://n1gloves.com/en/scorpius-20/15295-goalkeeper-gloves-scorpius-20-golden-black-ugtii
13257,en_XX,Goalkeeper Gloves GEA Black UGT+ II,"Discover the Introducing the new standard in comfort and performance with GEA UGT+ II gloves. Designed to take your game to the next level, these premium gloves offer a sense of lightness, exceptional cushioning, and superior grip. Get ready for more precise saves, comfort, and a perfect fit. evolution of the most successful goalkeeper glove, now lighter and snugger like a second skin. The Scorpius 2.0 UGT+ II features a Negative cut and a 100% natural German latex palm.",https://n1gloves.com/en/gea/13257-goalkeeper-gloves-gea-black-ugt-ii
15119,en_XX,Goalkeeper Gloves Ares 2.0 All White UGT+ II,"Discover the evolution of excellence with the Ares 2.0 UGT+ II goalkeeper gloves, part of N1's Premium line. Equipped with advanced technology and designed for the most demanding goalkeepers, these gloves represent a bold step forward in terms of grip, comfort, and confidence on the field",https://n1gloves.com/en/ares-20/15119-goalkeeper-gloves-ares-20-all-white-ugt-ii
15120,en_XX,Goalkeeper Gloves Ares 2.0 All Black UGT+ II,"Discover the evolution of excellence with the Ares 2.0 UGT+ II goalkeeper gloves, part of N1's Premium line. Equipped with advanced technology and designed for the most demanding goalkeepers, these gloves represent a bold step forward in terms of grip, comfort, and confidence on the field",https://n1gloves.com/en/ares-20/15120-goalkeeper-gloves-ares-20-all-black-ugt-ii
15121,en_XX,Goalkeeper Gloves Ares 2.0 Blue  UGT+ II,"Discover the evolution of excellence with the Ares 2.0 UGT+ II goalkeeper gloves, part of N1's Premium line. Equipped with advanced technology and designed for the most demanding goalkeepers, these gloves represent a bold step forward in terms of grip, comfort, and confidence on the field",https://n1gloves.com/en/ares-20/15121-goalkeeper-gloves-ares-20-blue-ugt-ii
15123,en_XX,Goalkeeper Gloves Ares 2.0 Neon UGT+ II,"Discover the evolution of excellence with the Ares 2.0 UGT+ II goalkeeper gloves, part of N1's Premium line. Equipped with advanced technology and designed for the most demanding goalkeepers, these gloves represent a bold step forward in terms of grip, comfort, and confidence on the field",https://n1gloves.com/en/ares-20/15123-goalkeeper-gloves-ares-20-neon-ugt-ii
15124,en_XX,Goalkeeper Gloves Ares 2.0 Orange UGT+ II,"Discover the evolution of excellence with the Ares 2.0 UGT+ II goalkeeper gloves, part of N1's Premium line. Equipped with advanced technology and designed for the most demanding goalkeepers, these gloves represent a bold step forward in terms of grip, comfort, and confidence on the field",https://n1gloves.com/en/ares-20/15124-goalkeeper-gloves-ares-20-orange-ugt-ii
22062,en_XX,Goalkeeper Gloves Ares 2.0 Aqua UGT+ II,"Discover the evolution of excellence with the Ares 2.0 UGT+ II goalkeeper gloves, part of N1's Premium line. Equipped with advanced technology and designed for the most demanding goalkeepers, these gloves represent a bold step forward in terms of grip, comfort, and confidence on the field",https://n1gloves.com/en/ares-20/22062-goalkeeper-gloves-ares-20-aqua-ugt-ii
18880,en_XX,Goalkeeper Gloves Sirius 2.0 White UGT+ II,"The Sirius 2.0 has arrived to redefine goalkeeping. With a revolutionary design and the new high-performance fabric  AirFlex Pro , this glove sets a new standard in flexibility, comfort, fit, and breathability. It perfectly combines lightness and structure, offering the ultimate balance. The definitive weapon for goalkeepers who demand the very best!",https://n1gloves.com/en/sirius-20/18880-goalkeeper-gloves-sirius-20-white-ugt-ii
24912,en_XX,Goalkeeper Gloves Zeus 2.0 Shadow UGT+ II - Special Edition,"Discover the evolution of goalkeeper gloves with maximum performance, comfort, and fit. The Zeus 2.0 redefines excellence with next-generation technologies such as the Vapor Negative cut and the Airflex Pro body.",https://n1gloves.com/en/christian-segador/24912-goalkeeper-gloves-zeus-20-shadow-ugt-ii-special-edition
25127,en_XX,Sweatshirt Black Special Edition CH,"Sudadera de entrenamiento para porteros. 
 Desarrollada en poliéster + elastano te dará un ajuste sensacional a la vez que te permitirá una movilidad perfecta en tus entrenamientos.",https://n1gloves.com/en/christian-segador/25127-sweatshirt-black-special-edition-ch
25128,en_XX,Sweatshirt Pink Special Edition CH,"Sudadera de entrenamiento para porteros. 
 Desarrollada en poliéster + elastano te dará un ajuste sensacional a la vez que te permitirá una movilidad perfecta en tus entrenamientos.",https://n1gloves.com/en/christian-segador/25128-sweatshirt-pink-special-edition-ch
25129,en_XX,Jersey Black Special Edition CH,"Camiseta de manga corta para entrenamiento. 
 Confeccionada en poliéster, un tejido que te proporcionará libertad de movimientos, ligereza y transpirabilidad.",https://n1gloves.com/en/christian-segador/25129-jersey-black-special-edition-ch
25130,en_XX,Jersey Pink Special Edition CH,"Camiseta de manga corta para entrenamiento. 
 Confeccionada en poliéster, un tejido que te proporcionará libertad de movimientos, ligereza y transpirabilidad.",https://n1gloves.com/en/christian-segador/25130-jersey-pink-special-edition-ch
