id,title,description,availability,condition,price,sale_price,link,image_link,brand,gtin,mpn,quantity_to_sell_on_facebook
117,Gym Sack Black,"Mochila espaciosa, ligera y resistente para guardar tus guantes y material de entrenamiento.  
 Sistema de ajuste personalizable de cuerdas. 
  
 Composición: 100% Poliéster",in stock,new,9.90 EUR,7.92 EUR,https://n1gloves.com/pt/inicio/117-gym-sack-black-0685071015025,https://n1gloves.com/1125-large_default/gym-sack-black.jpg,N1 Goalkeeper,0685071015025,AC-0001,9
13533,Luvas de Guarda-Redes Ares 2.0 Kids Neon,Luva de Guarda-Redes para crianças  com corte negativo e palma de latex alemão 100% natural Super Low Grip.,in stock,new,34.90 EUR,31.41 EUR,https://n1gloves.com/pt/inicio/13533-luvas-de-guarda-redes-ares-20-kids-neon,https://n1gloves.com/9371-large_default/luvas-de-guarda-redes-ares-20-kids-neon.jpg,N1 Goalkeeper,,GL-KIDARE-324X,71
13534,Luvas de Guarda-Redes Ares 2.0 Kids Orange,Luva de Guarda-Redes para crianças  com corte negativo e palma de latex alemão 100% natural Super Low Grip.,in stock,new,34.90 EUR,31.41 EUR,https://n1gloves.com/pt/inicio/13534-luvas-de-guarda-redes-ares-20-kids-orange,https://n1gloves.com/10895-large_default/luvas-de-guarda-redes-ares-20-kids-orange.jpg,N1 Goalkeeper,,GL-KIDARE-0300,73
13537,Luvas de Guarda-Redes Scorpius 2.0 Kids Aqua,Luva de Guarda-Redes para crianças  com corte negativo e palma de latex alemão 100% natural Super Low Grip.,in stock,new,34.90 EUR,31.41 EUR,https://n1gloves.com/pt/inicio/13537-luvas-de-guarda-redes-scorpius-20-kids-aqua,https://n1gloves.com/10880-large_default/luvas-de-guarda-redes-scorpius-20-kids-aqua.jpg,N1 Goalkeeper,,GL-KIDSCO-0298,62
13543,Luvas de Guarda-Redes Ares 2.0 Kids White,Luva de Guarda-Redes para crianças  com corte negativo e palma de latex alemão 100% natural Super Low Grip.,in stock,new,34.90 EUR,31.41 EUR,https://n1gloves.com/pt/inicio/13543-luvas-de-guarda-redes-ares-20-kids-white,https://n1gloves.com/10887-large_default/luvas-de-guarda-redes-ares-20-kids-white.jpg,N1 Goalkeeper,,GL-KIDARE-0299,60
15125,Guarda-Redes Ares 2.0 Blue Pink UGT+ II,"Descubra a evolução da excelência com as luvas de goleiro Ares 2.0 UGT+ II, parte da linha Premium da N1. Equipadas com tecnologia avançada e projetadas para os goleiros mais exigentes, essas luvas representam um passo audacioso em termos de aderência, conforto e confiança no campo.",in stock,new,69.90 EUR,55.92 EUR,https://n1gloves.com/pt/inicio/15125-guarda-redes-ares-20-blue-pink-ugt-ii,https://n1gloves.com/14383-large_default/guarda-redes-ares-20-blue-pink-ugt-ii.jpg,N1 Goalkeeper,,GL-AREBLU-0317,56
16047,Boneco Inflável N1 - 180 cm,"Boneco inflável de treino para guarda-redes N1.    Ideal tanto para sessões de treino específicas para guarda-redes simulando um atacante ou defensor que serve como oposição no exercício, como para treinos de equipa em tarefas como cruzamentos e finalizações. A sua alta resistência, graças ao material de que é feito, permite-lhe utilizá-lo em exercícios de coordenação, livres diretos, treinos tácticos e trabalho de habilidades.     *Produto não compatível com descontos",out of stock,new,49.90 EUR,,https://n1gloves.com/pt/inicio/16047-boneco-inflavel-n1-180-cm,https://n1gloves.com/11516-large_default/boneco-inflavel-n1-180-cm.jpg,N1 Goalkeeper,,AC-0020,0
18879,Luvas de Guarda-Redes Sirius 2.0 Black UGT+ II,"O Sirius 2.0 chegou para redefinir a baliza. Com um design revolucionário e o novo tecido de alto desempenho  AirFlex Pro , esta luva estabelece um novo padrão de flexibilidade, conforto, ajuste e respirabilidade. Combina leveza e armado na perfeição, oferecendo o equilíbrio ideal. A arma definitiva para guarda-redes que exigem o melhor!",in stock,new,69.90 EUR,,https://n1gloves.com/pt/inicio/18879-luvas-de-guarda-redes-sirius-20-black-ugt-ii,https://n1gloves.com/14935-large_default/luvas-de-guarda-redes-sirius-20-black-ugt-ii.jpg,N1 Goalkeeper,,GL-SIRBLA-0365,141
18881,Luvas de Guarda-Redes Sirius 2.0 Aqua UGT+ II,"O Sirius 2.0 chegou para redefinir a baliza. Com um design revolucionário e o novo tecido de alto desempenho  AirFlex Pro , esta luva estabelece um novo padrão de flexibilidade, conforto, ajuste e respirabilidade. Combina leveza e armado na perfeição, oferecendo o equilíbrio ideal. A arma definitiva para guarda-redes que exigem o melhor!",in stock,new,69.90 EUR,55.92 EUR,https://n1gloves.com/pt/inicio/18881-luvas-de-guarda-redes-sirius-20-aqua-ugt-ii,https://n1gloves.com/22351-large_default/luvas-de-guarda-redes-sirius-20-aqua-ugt-ii.jpg,N1 Goalkeeper,,GL-SIRAQU-0367,61
18882,Luvas de Guarda-Redes Sirius 2.0 Purple UGT+ II,"O Sirius 2.0 chegou para redefinir a baliza. Com um design revolucionário e o novo tecido de alto desempenho  AirFlex Pro , esta luva estabelece um novo padrão de flexibilidade, conforto, ajuste e respirabilidade. Combina leveza e armado na perfeição, oferecendo o equilíbrio ideal. A arma definitiva para guarda-redes que exigem o melhor!",in stock,new,69.90 EUR,55.92 EUR,https://n1gloves.com/pt/inicio/18882-luvas-de-guarda-redes-sirius-20-purple-ugt-ii,https://n1gloves.com/14967-large_default/luvas-de-guarda-redes-sirius-20-purple-ugt-ii.jpg,N1 Goalkeeper,,GL-SIRPUR-0368,79
18883,Luvas de Guarda-Redes Sirius 2.0 Pink UGT+ II,"O Sirius 2.0 chegou para redefinir a baliza. Com um design revolucionário e o novo tecido de alto desempenho  AirFlex Pro , esta luva estabelece um novo padrão de flexibilidade, conforto, ajuste e respirabilidade. Combina leveza e armado na perfeição, oferecendo o equilíbrio ideal. A arma definitiva para guarda-redes que exigem o melhor!",in stock,new,69.90 EUR,55.92 EUR,https://n1gloves.com/pt/inicio/18883-luvas-de-guarda-redes-sirius-20-pink-ugt-ii,https://n1gloves.com/14958-large_default/luvas-de-guarda-redes-sirius-20-pink-ugt-ii.jpg,N1 Goalkeeper,,GL-SIRPIN-0369,56
18911,Luvas de Guarda-Redes Sirius 2.0 Neon UGT+ II,"O Sirius 2.0 chegou para redefinir a baliza. Com um design revolucionário e o novo tecido de alto desempenho  AirFlex Pro , esta luva estabelece um novo padrão de flexibilidade, conforto, ajuste e respirabilidade. Combina leveza e armado na perfeição, oferecendo o equilíbrio ideal. A arma definitiva para guarda-redes que exigem o melhor!",in stock,new,69.90 EUR,55.92 EUR,https://n1gloves.com/pt/inicio/18911-luvas-de-guarda-redes-sirius-20-neon-ugt-ii,https://n1gloves.com/15016-large_default/luvas-de-guarda-redes-sirius-20-neon-ugt-ii.jpg,N1 Goalkeeper,,GL-SIRNEO-0370,48
20003,Boneco Inflável N1 - 205 cm,"Boneco inflável de treino para guarda-redes N1.    Ideal tanto para sessões de treino específicas para guarda-redes simulando um atacante ou defensor que serve como oposição no exercício, como para treinos de equipa em tarefas como cruzamentos e finalizações. A sua alta resistência, graças ao material de que é feito, permite-lhe utilizá-lo em exercícios de coordenação, livres diretos, treinos tácticos e trabalho de habilidades.     *Produto não compatível com descontos",in stock,new,59.90 EUR,,https://n1gloves.com/pt/inicio/20003-boneco-inflavel-n1-205-cm,https://n1gloves.com/15756-large_default/boneco-inflavel-n1-205-cm.jpg,N1 Goalkeeper,,AC-0021,11
21784,Luvas de Guarda-Redes Sirius 2.0 Black Neon UGT+ II,"O Sirius 2.0 chegou para redefinir a baliza. Com um design revolucionário e o novo tecido de alto desempenho  AirFlex Pro , esta luva estabelece um novo padrão de flexibilidade, conforto, ajuste e respirabilidade. Combina leveza e armado na perfeição, oferecendo o equilíbrio ideal. A arma definitiva para guarda-redes que exigem o melhor!",in stock,new,69.90 EUR,55.92 EUR,https://n1gloves.com/pt/inicio/21784-luvas-de-guarda-redes-sirius-20-black-neon-ugt-ii,https://n1gloves.com/17595-large_default/luvas-de-guarda-redes-sirius-20-black-neon-ugt-ii.jpg,N1 Goalkeeper,,GL-SIRBLA-0436,73
21806,Luvas de Guarda-Redes Sirius 2.0 UGT+ II,"O Sirius 2.0 chegou para quebrar todos os esquemas. Com um design revolucionário e um novo tecido de alto desempenho, esta luva redefine o padrão de flexibilidade, ajuste e respirabilidade. A arma definitiva para guarda-redes que exigem o melhor!",in stock,new,69.90 EUR,55.92 EUR,https://n1gloves.com/pt/inicio/21806-luvas-de-guarda-redes-sirius-20-ugt-ii,https://n1gloves.com/17649-large_default/luvas-de-guarda-redes-sirius-20-ugt-ii.jpg,N1 Goalkeeper,,GL-SIRRED-0433,106
22521,Luvas de Guarda-Redes Scorpius 2.0 Green Eudes,"Descubra a evolução da luva de goleiro mais bem-sucedida, agora mais leve e ajustada como uma segunda pele. O Scorpius 2.0 UGT+ II apresenta um corte negativo e a palma de látex alemão 100% natural UGT+.",in stock,new,69.90 EUR,48.93 EUR,https://n1gloves.com/pt/inicio/22521-luvas-de-guarda-redes-scorpius-20-green-eudes,https://n1gloves.com/18407-large_default/luvas-de-guarda-redes-scorpius-20-green-eudes.jpg,N1 Goalkeeper,,GL-SCOGRE-0397,58
23693,Porta-luvas N1,"Mochila espaciosa, ligera y resistente para guardar tus guantes y material de entrenamiento.  
 Sistema de ajuste personalizable de cuerdas. 
  
 Composición: 100% Poliéster",in stock,new,19.90 EUR,,https://n1gloves.com/pt/inicio/23693-porta-luvas-n1-8435768021578,https://n1gloves.com/19644-large_default/porta-luvas-n1.jpg,N1 Goalkeeper,8435768021578,AC-0017,24
28485,Manguitos Protek,"Manguitos de compresión antiabrasión. 
 Muy resistentes a la abrasión, te protegerán de rozaduras y quemaduras en cualquier superficie.",in stock,new,12.90 EUR,,https://n1gloves.com/pt/inicio/28485-manguitos-protek,https://n1gloves.com/24572-large_default/manguitos-protek.jpg,N1 Goalkeeper,,CL-MANBLA-0981,125
28489,Caneleira Compressiva PROTEK,"Caneleira integrada em manga compressiva com proteção contra impactos e resistência à abrasão. 
 Desenvolvida para oferecer segurança, estabilidade e conforto numa única peça. Combina uma estrutura compressiva com proteção estrategicamente posicionada na zona tibial, garantindo absorção de impactos e ajuste firme sem deslocamentos durante o jogo.",in stock,new,14.90 EUR,,https://n1gloves.com/pt/inicio/28489-caneleira-compressiva-protek,https://n1gloves.com/24583-large_default/caneleira-compressiva-protek.jpg,N1 Goalkeeper,,AC-SHIBLA-1027,63
28492,Caneleira N1 IMPACT,"Caneleira leve de alto impacto desenvolvida para oferecer máxima proteção sem comprometer a mobilidade. 
 A sua  carcaça exterior em polímero de alto impacto  trabalha em conjunto com uma  camada interna de espuma de absorção , amortecendo e dispersando a energia do choque e reduzindo o risco de lesões em impactos diretos ou entradas.",in stock,new,12.90 EUR,,https://n1gloves.com/pt/inicio/28492-caneleira-n1-impact,https://n1gloves.com/24590-large_default/caneleira-n1-impact.jpg,N1 Goalkeeper,,AC-SHIWHI-1050,61
28493,Elbow Compressiva PROTEK,"Cotoveleiras compressivas de alto desempenho desenvolvidas especificamente para guarda-redes de futebol. 
 Projetadas para proteger uma das zonas mais expostas nas ações do guarda-redes, incorporam um painel de absorção de impactos estrategicamente posicionado no cotovelo, reduzindo a intensidade dos choques contra relvado sintético e superfícies duras.",in stock,new,14.90 EUR,,https://n1gloves.com/pt/inicio/28493-elbow-compressiva-protek,https://n1gloves.com/24596-large_default/elbow-compressiva-protek.jpg,N1 Goalkeeper,,AC-ELBBLA-1030,51
28494,Joelheira Compressiva PROTEK,"Joelheira compressiva de alto desempenho desenvolvida especificamente para guarda-redes de futebol. 
  
 Projetada para proteger uma das zonas mais expostas durante defesas, mergulhos e contacto com o solo, incorpora um painel de absorção de impactos de alta densidade que reduz a intensidade do choque contra relvado sintético e superfícies duras.",in stock,new,14.90 EUR,,https://n1gloves.com/pt/inicio/28494-joelheira-compressiva-protek,https://n1gloves.com/24602-large_default/joelheira-compressiva-protek.jpg,N1 Goalkeeper,,AC-KNEBLA-1029,47
28495,Porta Caneleiras N1,"Suporte compressivo para caneleiras desenvolvido para manter a caneleira fixa sem necessidade de fita adesiva. 
  
 Fabricado em tecido elástico de alto desempenho, incorpora um  bolso externo frontal  onde a caneleira é inserida, garantindo que permaneça estável na sua posição natural durante todo o treino ou competição.",in stock,new,14.90 EUR,,https://n1gloves.com/pt/inicio/28495-porta-caneleiras-n1,https://n1gloves.com/24611-large_default/porta-caneleiras-n1.jpg,N1 Goalkeeper,,AC-SHIBLA-1028,68
28497,Gorro N1,"Gorro de treino desenvolvido para guarda-redes que não param quando a temperatura desce. 
  
 Treinar no inverno ou à noite exige mais do que atitude. Manter a temperatura corporal é fundamental para preservar a concentração, a ativação muscular e o rendimento entre os postes.",in stock,new,12.90 EUR,,https://n1gloves.com/pt/inicio/28497-gorro-n1,https://n1gloves.com/24617-large_default/gorro-n1.jpg,N1 Goalkeeper,,AC-BEABLA-1049,21
28501,Gola Térmica N1,"Gola de treino desenvolvida para guarda-redes que rendem mesmo nas condições mais exigentes. 
 O frio afeta diretamente a ativação muscular e a concentração. Manter a zona cervical protegida ajuda a conservar a temperatura corporal e a manter o rendimento máximo em treinos noturnos ou em climas frios. 
  
 O tecido técnico proporciona isolamento térmico leve sem criar sensação de peso ou limitar os movimentos.",in stock,new,12.90 EUR,,https://n1gloves.com/pt/inicio/28501-gola-termica-n1,https://n1gloves.com/24632-large_default/gola-termica-n1.jpg,N1 Goalkeeper,,AC-THEBLA-1025,29
28506,Gym Sack Black Neon,"Chega aos teus jogos e treinos com tudo o que precisas. 
  
 A  Gym Sack N1  é espaçosa, leve e resistente — perfeita para guardar luvas, chuteiras e todo o teu material desportivo. O seu design prático permite organizar o equipamento de forma simples e eficiente. 
  Composição:  100% Poliéster  Leve. Resistente. Funcional.",in stock,new,9.90 EUR,,https://n1gloves.com/pt/inicio/28506-gym-sack-black-neon-8435768047455,https://n1gloves.com/24639-large_default/gym-sack-black-neon.jpg,N1 Goalkeeper,8435768047455,AC-0232,10
28507,Gym Sack Neon,"Chega aos teus jogos e treinos com tudo o que precisas. 
  
 A  Gym Sack N1  é espaçosa, leve e resistente — perfeita para guardar luvas, chuteiras e todo o teu material desportivo. O seu design prático permite organizar o equipamento de forma simples e eficiente. 
  Composição:  100% Poliéster  Leve. Resistente. Funcional.",in stock,new,9.90 EUR,,https://n1gloves.com/pt/inicio/28507-gym-sack-neon-8435768047493,https://n1gloves.com/24643-large_default/gym-sack-neon.jpg,N1 Goalkeeper,8435768047493,AC-0236,12
28508,Gym Sack White,"Chega aos teus jogos e treinos com tudo o que precisas. 
  
 A  Gym Sack N1  é espaçosa, leve e resistente — perfeita para guardar luvas, chuteiras e todo o teu material desportivo. O seu design prático permite organizar o equipamento de forma simples e eficiente. 
  Composição:  100% Poliéster  Leve. Resistente. Funcional.",in stock,new,9.90 EUR,,https://n1gloves.com/pt/inicio/28508-gym-sack-white-8435768047462,https://n1gloves.com/24647-large_default/gym-sack-white.jpg,N1 Goalkeeper,8435768047462,AC-0233,11
28509,Gym Sack Orange,"Chega aos teus jogos e treinos com tudo o que precisas. 
  
 A  Gym Sack N1  é espaçosa, leve e resistente — perfeita para guardar luvas, chuteiras e todo o teu material desportivo. O seu design prático permite organizar o equipamento de forma simples e eficiente. 
  Composição:  100% Poliéster  Leve. Resistente. Funcional.",in stock,new,9.90 EUR,,https://n1gloves.com/pt/inicio/28509-gym-sack-orange-8435768047509,https://n1gloves.com/24652-large_default/gym-sack-orange.jpg,N1 Goalkeeper,8435768047509,AC-0237,12
28510,Gym Sack Green,"Chega aos teus jogos e treinos com tudo o que precisas. 
  
 A  Gym Sack N1  é espaçosa, leve e resistente — perfeita para guardar luvas, chuteiras e todo o teu material desportivo. O seu design prático permite organizar o equipamento de forma simples e eficiente. 
  Composição:  100% Poliéster  Leve. Resistente. Funcional.",in stock,new,9.90 EUR,,https://n1gloves.com/pt/inicio/28510-gym-sack-green-8435768047516,https://n1gloves.com/24656-large_default/gym-sack-green.jpg,N1 Goalkeeper,8435768047516,AC-0238,12
28511,Gym Sack Pink,"Chega aos teus jogos e treinos com tudo o que precisas. 
  
 A  Gym Sack N1  é espaçosa, leve e resistente — perfeita para guardar luvas, chuteiras e todo o teu material desportivo. O seu design prático permite organizar o equipamento de forma simples e eficiente. 
  Composição:  100% Poliéster  Leve. Resistente. Funcional.",in stock,new,9.90 EUR,,https://n1gloves.com/pt/inicio/28511-gym-sack-pink-8435768047486,https://n1gloves.com/24659-large_default/gym-sack-pink.jpg,N1 Goalkeeper,8435768047486,AC-0235,12
28512,Gym Sack Grey,"Chega aos teus jogos e treinos com tudo o que precisas. 
  
 A  Gym Sack N1  é espaçosa, leve e resistente — perfeita para guardar luvas, chuteiras e todo o teu material desportivo. O seu design prático permite organizar o equipamento de forma simples e eficiente. 
  Composição:  100% Poliéster  Leve. Resistente. Funcional.",in stock,new,9.90 EUR,,https://n1gloves.com/pt/inicio/28512-gym-sack-grey-8435768047479,https://n1gloves.com/24672-large_default/gym-sack-grey.jpg,N1 Goalkeeper,8435768047479,AC-0234,10
28513,Mochila de Treino N1,"A  Mochila N1 Backpack  foi desenvolvida para acompanhar-te em todos os treinos, jogos e deslocações.   
 A sua distribuição inteligente permite transportar todo o teu equipamento de forma organizada, graças ao amplo compartimento principal, bolso frontal de acesso rápido e bolsos laterais em rede para os objetos que precisas ter sempre à mão. 
 Leve, resistente e confortável, é a mochila ideal para guarda-redes e jogadores que precisam de ter todo o material sempre pronto. 
  Compartimentos:  
 
 1 compartimento principal de grande capacidade. 
 1 bolso frontal com fecho. 
 2 bolsos laterais em rede. 
 
  Material:  Poliéster de alta resistência. 
  
  Cor:  Preto.",in stock,new,34.90 EUR,,https://n1gloves.com/pt/inicio/28513-mochila-de-treino-n1-8435768021585,https://n1gloves.com/24668-large_default/mochila-de-treino-n1.jpg,N1 Goalkeeper,8435768021585,AC-0018,41
28515,Macuto N1 Pro,Macuto N1 Pro,in stock,new,39.90 EUR,,https://n1gloves.com/pt/inicio/28515-macuto-n1-pro-8435768021592,https://n1gloves.com/24677-large_default/macuto-n1-pro.jpg,N1 Goalkeeper,8435768021592,AC-0019,48
28983,N1 Grip Socks,"Meias técnicas antiderrapantes com grip. 
 Mantêm o pé firme dentro da chuteira, evitando deslizamentos internos e melhorando a estabilidade em cada ação. 
 Ideais para jogadores que procuram maior controlo, precisão e segurança no jogo. 
  
 Composição: 40% Algodão/ 40% Nylon/ 10% Elastano/ 10% Poliéster Zonas de grip: 100% PVC. 
  TAMANHOS  
  Tamanho S  
 
 
 EU: 35–38 
 
 
 US: 3–6 
 
 
  Tamanho M  
 
 
 EU: 39–42 
 
 
 US: 7–9 
 
 
  Tamanho L  
 
 
 EU: 43–46 
 
 
 US: 10–12",in stock,new,12.90 EUR,,https://n1gloves.com/pt/inicio/28983-n1-grip-socks,https://n1gloves.com/25159-large_default/n1-grip-socks.jpg,N1 Goalkeeper,,AC-GRIWHI-0138,799
28992,N1 Grip Socks - Black,"Meias técnicas antiderrapantes com grip. 
 Mantêm o pé firme dentro da chuteira, evitando deslizamentos internos e melhorando a estabilidade em cada ação. 
 Ideais para jogadores que procuram maior controlo, precisão e segurança no jogo. 
  
 Composição: 40% Algodão/ 40% Nylon/ 10% Elastano/ 10% Poliéster Zonas de grip: 100% PVC. 
  TAMANHOS  
  Tamanho S  
 
 
 EU: 35–38 
 
 
 US: 3–6 
 
 
  Tamanho M  
 
 
 EU: 39–42 
 
 
 US: 7–9 
 
 
  Tamanho L  
 
 
 EU: 43–46 
 
 
 US: 10–12",in stock,new,12.90 EUR,,https://n1gloves.com/pt/inicio/28992-n1-grip-socks-black,https://n1gloves.com/25180-large_default/n1-grip-socks-black.jpg,N1 Goalkeeper,,AC-GRIBLA-0139,961
28993,N1 Grip Socks - Yellow,"Meias técnicas antiderrapantes com grip. 
 Mantêm o pé firme dentro da chuteira, evitando deslizamentos internos e melhorando a estabilidade em cada ação. 
 Ideais para jogadores que procuram maior controlo, precisão e segurança no jogo. 
  
 Composição: 40% Algodão/ 40% Nylon/ 10% Elastano/ 10% Poliéster Zonas de grip: 100% PVC. 
  TAMANHOS  
  Tamanho S  
 
 
 EU: 35–38 
 
 
 US: 3–6 
 
 
  Tamanho M  
 
 
 EU: 39–42 
 
 
 US: 7–9 
 
 
  Tamanho L  
 
 
 EU: 43–46 
 
 
 US: 10–12",in stock,new,12.90 EUR,,https://n1gloves.com/pt/inicio/28993-n1-grip-socks-yellow,https://n1gloves.com/25188-large_default/n1-grip-socks-yellow.jpg,N1 Goalkeeper,,AC-GRIYEL-0497,301
28995,N1 Grip Socks - Red,"Meias técnicas antiderrapantes com grip. 
 Mantêm o pé firme dentro da chuteira, evitando deslizamentos internos e melhorando a estabilidade em cada ação. 
 Ideais para jogadores que procuram maior controlo, precisão e segurança no jogo. 
  
 Composição: 40% Algodão/ 40% Nylon/ 10% Elastano/ 10% Poliéster Zonas de grip: 100% PVC. 
  TAMANHOS  
  Tamanho S  
 
 
 EU: 35–38 
 
 
 US: 3–6 
 
 
  Tamanho M  
 
 
 EU: 39–42 
 
 
 US: 7–9 
 
 
  Tamanho L  
 
 
 EU: 43–46 
 
 
 US: 10–12",in stock,new,12.90 EUR,,https://n1gloves.com/pt/inicio/28995-n1-grip-socks-red,https://n1gloves.com/25193-large_default/n1-grip-socks-red.jpg,N1 Goalkeeper,,AC-GRIRED-0498,306
28997,N1 Grip Socks - Green,"Meias técnicas antiderrapantes com grip. 
 Mantêm o pé firme dentro da chuteira, evitando deslizamentos internos e melhorando a estabilidade em cada ação. 
 Ideais para jogadores que procuram maior controlo, precisão e segurança no jogo. 
  
 Composição: 40% Algodão/ 40% Nylon/ 10% Elastano/ 10% Poliéster Zonas de grip: 100% PVC. 
  TAMANHOS  
  Tamanho S  
 
 
 EU: 35–38 
 
 
 US: 3–6 
 
 
  Tamanho M  
 
 
 EU: 39–42 
 
 
 US: 7–9 
 
 
  Tamanho L  
 
 
 EU: 43–46 
 
 
 US: 10–12",in stock,new,12.90 EUR,,https://n1gloves.com/pt/inicio/28997-n1-grip-socks-green,https://n1gloves.com/25200-large_default/n1-grip-socks-green.jpg,N1 Goalkeeper,,AC-GRIGRE-0499,297
28998,N1 Grip Socks - Orange,"Meias técnicas antiderrapantes com grip. 
 Mantêm o pé firme dentro da chuteira, evitando deslizamentos internos e melhorando a estabilidade em cada ação. 
 Ideais para jogadores que procuram maior controlo, precisão e segurança no jogo. 
  
 Composição: 40% Algodão/ 40% Nylon/ 10% Elastano/ 10% Poliéster Zonas de grip: 100% PVC. 
  TAMANHOS  
  Tamanho S  
 
 
 EU: 35–38 
 
 
 US: 3–6 
 
 
  Tamanho M  
 
 
 EU: 39–42 
 
 
 US: 7–9 
 
 
  Tamanho L  
 
 
 EU: 43–46 
 
 
 US: 10–12",in stock,new,12.90 EUR,,https://n1gloves.com/pt/inicio/28998-n1-grip-socks-orange,https://n1gloves.com/25207-large_default/n1-grip-socks-orange.jpg,N1 Goalkeeper,,AC-GRIORA-0500,301
28999,N1 Grip Socks - Blue,"Meias técnicas antiderrapantes com grip. 
 Mantêm o pé firme dentro da chuteira, evitando deslizamentos internos e melhorando a estabilidade em cada ação. 
 Ideais para jogadores que procuram maior controlo, precisão e segurança no jogo. 
  
 Composição: 40% Algodão/ 40% Nylon/ 10% Elastano/ 10% Poliéster Zonas de grip: 100% PVC. 
  TAMANHOS  
  Tamanho S  
 
 
 EU: 35–38 
 
 
 US: 3–6 
 
 
  Tamanho M  
 
 
 EU: 39–42 
 
 
 US: 7–9 
 
 
  Tamanho L  
 
 
 EU: 43–46 
 
 
 US: 10–12",in stock,new,12.90 EUR,,https://n1gloves.com/pt/inicio/28999-n1-grip-socks-blue,https://n1gloves.com/25212-large_default/n1-grip-socks-blue.jpg,N1 Goalkeeper,,AC-GRIBLU-0501,301
29945,Match KIT Collection - Espanha V1,"Kit oficial ZEUS 2.0 – Gloves of Nations composto por camisola + calção a combinar. 
 Coleção exclusiva e edição limitada inspirada nas grandes nações do futebol mundial e na atmosfera do futebol internacional em 2026. 
 Desenhado para jogadores e guarda-redes que querem representar as suas cores com identidade, rendimento e estilo dentro e fora de campo. 
  
 EDIÇÃO LIMITADA",in stock,new,29.90 EUR,,https://n1gloves.com/pt/inicio/29945-match-kit-collection-espanha-v1,https://n1gloves.com/26493-large_default/match-kit-collection-espanha-v1.jpg,N1 Goalkeeper,,CL-FOOWC2-1102,4
29958,Match KIT Collection - Espanha V2,"Kit oficial ZEUS 2.0 – Gloves of Nations composto por camisola + calção a combinar. 
 Coleção exclusiva e edição limitada inspirada nas grandes nações do futebol mundial e na atmosfera do futebol internacional em 2026. 
 Desenhado para jogadores e guarda-redes que querem representar as suas cores com identidade, rendimento e estilo dentro e fora de campo. 
  
 EDIÇÃO LIMITADA",out of stock,new,29.90 EUR,,https://n1gloves.com/pt/inicio/29958-match-kit-collection-espanha-v2,https://n1gloves.com/26433-large_default/match-kit-collection-espanha-v2.jpg,N1 Goalkeeper,,CL-FOOWC2-1117,0
29959,Match KIT Collection - Portugal,"Kit oficial ZEUS 2.0 – Gloves of Nations composto por camisola + calção a combinar. 
 Coleção exclusiva e edição limitada inspirada nas grandes nações do futebol mundial e na atmosfera do futebol internacional em 2026. 
 Desenhado para jogadores e guarda-redes que querem representar as suas cores com identidade, rendimento e estilo dentro e fora de campo. 
  
 EDIÇÃO LIMITADA",in stock,new,29.90 EUR,,https://n1gloves.com/pt/inicio/29959-match-kit-collection-portugal,https://n1gloves.com/26515-large_default/match-kit-collection-portugal.jpg,N1 Goalkeeper,,CL-FOOWC2-1113,12
29961,Match KIT Collection - Alemanha,"Kit oficial ZEUS 2.0 – Gloves of Nations composto por camisola + calção a combinar. 
 Coleção exclusiva e edição limitada inspirada nas grandes nações do futebol mundial e na atmosfera do futebol internacional em 2026. 
 Desenhado para jogadores e guarda-redes que querem representar as suas cores com identidade, rendimento e estilo dentro e fora de campo. 
  
 EDIÇÃO LIMITADA",in stock,new,29.90 EUR,,https://n1gloves.com/pt/inicio/29961-match-kit-collection-alemanha,https://n1gloves.com/26489-large_default/match-kit-collection-alemanha.jpg,N1 Goalkeeper,,CL-FOOWC2-1114,11
29962,Match KIT Collection - Brasil V1,"Kit oficial ZEUS 2.0 – Gloves of Nations composto por camisola + calção a combinar. 
 Coleção exclusiva e edição limitada inspirada nas grandes nações do futebol mundial e na atmosfera do futebol internacional em 2026. 
 Desenhado para jogadores e guarda-redes que querem representar as suas cores com identidade, rendimento e estilo dentro e fora de campo. 
  
 EDIÇÃO LIMITADA",in stock,new,29.90 EUR,,https://n1gloves.com/pt/inicio/29962-match-kit-collection-brasil-v1,https://n1gloves.com/26468-large_default/match-kit-collection-brasil-v1.jpg,N1 Goalkeeper,,CL-FOOWC2-1103,12
29963,Match KIT Collection - Colombia,"Kit oficial ZEUS 2.0 – Gloves of Nations composto por camisola + calção a combinar. 
 Coleção exclusiva e edição limitada inspirada nas grandes nações do futebol mundial e na atmosfera do futebol internacional em 2026. 
 Desenhado para jogadores e guarda-redes que querem representar as suas cores com identidade, rendimento e estilo dentro e fora de campo. 
  
 EDIÇÃO LIMITADA",in stock,new,29.90 EUR,,https://n1gloves.com/pt/inicio/29963-match-kit-collection-colombia,https://n1gloves.com/26419-large_default/match-kit-collection-colombia.jpg,N1 Goalkeeper,,CL-FOOWC2-1118,10
29966,Match KIT Collection - França,"Kit oficial ZEUS 2.0 – Gloves of Nations composto por camisola + calção a combinar. 
 Coleção exclusiva e edição limitada inspirada nas grandes nações do futebol mundial e na atmosfera do futebol internacional em 2026. 
 Desenhado para jogadores e guarda-redes que querem representar as suas cores com identidade, rendimento e estilo dentro e fora de campo. 
  
 EDIÇÃO LIMITADA",in stock,new,29.90 EUR,,https://n1gloves.com/pt/inicio/29966-match-kit-collection-franca,https://n1gloves.com/26464-large_default/match-kit-collection-franca.jpg,N1 Goalkeeper,,CL-FOOWC2-1108,12
29967,Match KIT Collection - Inglaterra,"Kit oficial ZEUS 2.0 – Gloves of Nations composto por camisola + calção a combinar. 
 Coleção exclusiva e edição limitada inspirada nas grandes nações do futebol mundial e na atmosfera do futebol internacional em 2026. 
 Desenhado para jogadores e guarda-redes que querem representar as suas cores com identidade, rendimento e estilo dentro e fora de campo. 
  
 EDIÇÃO LIMITADA",in stock,new,29.90 EUR,,https://n1gloves.com/pt/inicio/29967-match-kit-collection-inglaterra,https://n1gloves.com/26510-large_default/match-kit-collection-inglaterra.jpg,N1 Goalkeeper,,CL-FOOWC2-1109,12
29968,Match KIT Collection - Japão,"Kit oficial ZEUS 2.0 – Gloves of Nations composto por camisola + calção a combinar. 
 Coleção exclusiva e edição limitada inspirada nas grandes nações do futebol mundial e na atmosfera do futebol internacional em 2026. 
 Desenhado para jogadores e guarda-redes que querem representar as suas cores com identidade, rendimento e estilo dentro e fora de campo. 
  
 EDIÇÃO LIMITADA",in stock,new,29.90 EUR,,https://n1gloves.com/pt/inicio/29968-match-kit-collection-japao,https://n1gloves.com/26437-large_default/match-kit-collection-japao.jpg,N1 Goalkeeper,,CL-FOOWC2-1111,11
29969,Match KIT Collection - Holanda,"Kit oficial ZEUS 2.0 – Gloves of Nations composto por camisola + calção a combinar. 
 Coleção exclusiva e edição limitada inspirada nas grandes nações do futebol mundial e na atmosfera do futebol internacional em 2026. 
 Desenhado para jogadores e guarda-redes que querem representar as suas cores com identidade, rendimento e estilo dentro e fora de campo. 
  
 EDIÇÃO LIMITADA",in stock,new,29.90 EUR,,https://n1gloves.com/pt/inicio/29969-match-kit-collection-holanda,https://n1gloves.com/26496-large_default/match-kit-collection-holanda.jpg,N1 Goalkeeper,,CL-FOOWC2-1115,8
29971,Match KIT Collection - Bélgica,"Kit oficial ZEUS 2.0 – Gloves of Nations composto por camisola + calção a combinar. 
 Coleção exclusiva e edição limitada inspirada nas grandes nações do futebol mundial e na atmosfera do futebol internacional em 2026. 
 Desenhado para jogadores e guarda-redes que querem representar as suas cores com identidade, rendimento e estilo dentro e fora de campo. 
  
 EDIÇÃO LIMITADA",in stock,new,29.90 EUR,,https://n1gloves.com/pt/inicio/29971-match-kit-collection-belgica,https://n1gloves.com/26466-large_default/match-kit-collection-belgica.jpg,N1 Goalkeeper,,CL-FOOWC2-1107,12
29972,Match KIT Collection - México,"Kit oficial ZEUS 2.0 – Gloves of Nations composto por camisola + calção a combinar. 
 Coleção exclusiva e edição limitada inspirada nas grandes nações do futebol mundial e na atmosfera do futebol internacional em 2026. 
 Desenhado para jogadores e guarda-redes que querem representar as suas cores com identidade, rendimento e estilo dentro e fora de campo. 
  
 EDIÇÃO LIMITADA",in stock,new,29.90 EUR,,https://n1gloves.com/pt/inicio/29972-match-kit-collection-mexico,https://n1gloves.com/26445-large_default/match-kit-collection-mexico.jpg,N1 Goalkeeper,,CL-FOOWC2-1101,12
29973,Match KIT Collection - USA,"Kit oficial ZEUS 2.0 – Gloves of Nations composto por camisola + calção a combinar. 
 Coleção exclusiva e edição limitada inspirada nas grandes nações do futebol mundial e na atmosfera do futebol internacional em 2026. 
 Desenhado para jogadores e guarda-redes que querem representar as suas cores com identidade, rendimento e estilo dentro e fora de campo. 
  
 EDIÇÃO LIMITADA",in stock,new,29.90 EUR,,https://n1gloves.com/pt/inicio/29973-match-kit-collection-usa,https://n1gloves.com/26480-large_default/match-kit-collection-usa.jpg,N1 Goalkeeper,,CL-FOOWC2-1099,11
29974,Match KIT Collection - Canada,"Kit oficial ZEUS 2.0 – Gloves of Nations composto por camisola + calção a combinar. 
 Coleção exclusiva e edição limitada inspirada nas grandes nações do futebol mundial e na atmosfera do futebol internacional em 2026. 
 Desenhado para jogadores e guarda-redes que querem representar as suas cores com identidade, rendimento e estilo dentro e fora de campo. 
  
 EDIÇÃO LIMITADA",in stock,new,29.90 EUR,,https://n1gloves.com/pt/inicio/29974-match-kit-collection-canada,https://n1gloves.com/26448-large_default/match-kit-collection-canada.jpg,N1 Goalkeeper,,CL-FOOWC2-1100,12
29975,Match KIT Collection - Panamá,"Kit oficial ZEUS 2.0 – Gloves of Nations composto por camisola + calção a combinar. 
 Coleção exclusiva e edição limitada inspirada nas grandes nações do futebol mundial e na atmosfera do futebol internacional em 2026. 
 Desenhado para jogadores e guarda-redes que querem representar as suas cores com identidade, rendimento e estilo dentro e fora de campo. 
  
 EDIÇÃO LIMITADA",in stock,new,29.90 EUR,,https://n1gloves.com/pt/inicio/29975-match-kit-collection-panama,https://n1gloves.com/26504-large_default/match-kit-collection-panama.jpg,N1 Goalkeeper,,CL-FOOWC2-1116,11
29980,Match KIT Collection - Brasil V2,"Kit oficial ZEUS 2.0 – Gloves of Nations composto por camisola + calção a combinar. 
 Coleção exclusiva e edição limitada inspirada nas grandes nações do futebol mundial e na atmosfera do futebol internacional em 2026. 
 Desenhado para jogadores e guarda-redes que querem representar as suas cores com identidade, rendimento e estilo dentro e fora de campo. 
  
 EDIÇÃO LIMITADA",in stock,new,29.90 EUR,,https://n1gloves.com/pt/inicio/29980-match-kit-collection-brasil-v2,https://n1gloves.com/26475-large_default/match-kit-collection-brasil-v2.jpg,N1 Goalkeeper,,CL-FOOWC2-1104,10
29981,Match KIT Collection - Brasil V3,"Kit oficial ZEUS 2.0 – Gloves of Nations composto por camisola + calção a combinar. 
 Coleção exclusiva e edição limitada inspirada nas grandes nações do futebol mundial e na atmosfera do futebol internacional em 2026. 
 Desenhado para jogadores e guarda-redes que querem representar as suas cores com identidade, rendimento e estilo dentro e fora de campo. 
  
 EDIÇÃO LIMITADA",in stock,new,29.90 EUR,,https://n1gloves.com/pt/inicio/29981-match-kit-collection-brasil-v3,https://n1gloves.com/26454-large_default/match-kit-collection-brasil-v3.jpg,N1 Goalkeeper,,CL-FOOWC2-1105,12
30374,Gym Sack Black,"Chega aos teus jogos e treinos com tudo o que precisas. 
  
 A  Gym Sack N1  é espaçosa, leve e resistente — perfeita para guardar luvas, chuteiras e todo o teu material desportivo. O seu design prático permite organizar o equipamento de forma simples e eficiente. 
  Composição:  100% Poliéster  Leve. Resistente. Funcional.",in stock,new,9.90 EUR,,https://n1gloves.com/pt/inicio/30374-gym-sack-black-8435768047448,https://n1gloves.com/27052-large_default/gym-sack-black.jpg,N1 Goalkeeper,8435768047448,AC-0231,100
30569,Bola de Futebol Trainning Aura,Bola de Futebol Trainning Aura,in stock,new,29.90 EUR,,https://n1gloves.com/pt/inicio/30569-bola-de-futebol-trainning-aura,https://n1gloves.com/27320-large_default/bola-de-futebol-trainning-aura.jpg,N1 Goalkeeper,,FO-TRAAUR-1036,404
30574,Bola de Futebol Match Katana Origin,Bola de Futebol Match Katana Origin,in stock,new,39.90 EUR,,https://n1gloves.com/pt/inicio/30574-bola-de-futebol-match-katana-origin,https://n1gloves.com/27319-large_default/bola-de-futebol-match-katana-origin.jpg,N1 Goalkeeper,,FO-MATKAT-1038,451
30590,Bola de Futebol Match Katana Edge,Bola de Futebol Match Katana Edge,in stock,new,39.90 EUR,,https://n1gloves.com/pt/inicio/30590-bola-de-futebol-match-katana-edge,https://n1gloves.com/27321-large_default/bola-de-futebol-match-katana-edge.jpg,N1 Goalkeeper,,FO-MATKAT-1039,454
31023,Camisola para Guarda-Redes Carbon,"Camisola de manga comprida para treino. 
 Confeccionada em poliéster, um tecido que proporciona liberdade de movimentos, leveza e excelente respirabilidade. 
  Composição:  100% Poliéster.",in stock,new,22.90 EUR,,https://n1gloves.com/pt/inicio/31023-camisola-para-guarda-redes-carbon,https://n1gloves.com/27807-large_default/camisola-para-guarda-redes-carbon.jpg,N1 Goalkeeper,,CL-GKJCAR-0893,49
31045,Sweatshirt Speedo Black N1,"Sweat de treino para guarda-redes. 
 Desenvolvida com uma combinação de poliéster e elastano, oferece um ajuste excecional e total liberdade de movimentos durante os treinos.",in stock,new,24.90 EUR,,https://n1gloves.com/pt/inicio/31045-sweatshirt-speedo-black-n1,https://n1gloves.com/27752-large_default/sweatshirt-speedo-black-n1.jpg,N1 Goalkeeper,,CL-SWEBLA-0943,54
31048,Sweatshirt de treino Tarry Black,"Sweat de treino para guarda-redes. 
 Desenvolvida com uma combinação de poliéster e elastano, oferece um ajuste excecional e total liberdade de movimentos durante os treinos.",in stock,new,24.90 EUR,,https://n1gloves.com/pt/inicio/31048-sweatshirt-de-treino-tarry-black,https://n1gloves.com/27795-large_default/sweatshirt-de-treino-tarry-black.jpg,N1 Goalkeeper,,CL-SWEBLA-1042,78
31049,Sweatshirt de treino Tarry White,"Sweat de treino para guarda-redes. 
 Desenvolvida com uma combinação de poliéster e elastano, oferece um ajuste excecional e total liberdade de movimentos durante os treinos.",in stock,new,24.90 EUR,,https://n1gloves.com/pt/inicio/31049-sweatshirt-de-treino-tarry-white,https://n1gloves.com/27798-large_default/sweatshirt-de-treino-tarry-white.jpg,N1 Goalkeeper,,CL-SWEWHI-1043,44
31050,Calça Tarry Black,"Desenvolvidas com tecido  TARRY , uma combinação técnica de poliéster e elastano que proporciona um ajuste excecional, máxima elasticidade e total liberdade de movimentos. 
 A sua estrutura leve oferece um conforto superior sem comprometer a resistência exigida pelos treinos diários.",in stock,new,24.90 EUR,,https://n1gloves.com/pt/inicio/31050-calca-tarry-black,https://n1gloves.com/27801-large_default/calca-tarry-black.jpg,N1 Goalkeeper,,CL-PANBLA-1045,86
31052,Calça Tarry White,"Desenvolvidas com tecido  TARRY , uma combinação técnica de poliéster e elastano que proporciona um ajuste excecional, máxima elasticidade e total liberdade de movimentos. 
 A sua estrutura leve oferece um conforto superior sem comprometer a resistência exigida pelos treinos diários.",in stock,new,24.90 EUR,,https://n1gloves.com/pt/inicio/31052-calca-tarry-white,https://n1gloves.com/27805-large_default/calca-tarry-white.jpg,N1 Goalkeeper,,CL-PANWHI-1046,45
23498,Luvas de Guarda-Redes Zeus 2.0 Carbon UGT+ II,"Descobre a evolução da luva de guarda-redes com máximo rendimento, conforto e ajuste. A Zeus 2.0 redefine a performance com tecnologias de última geração como o corte Vapor Negativo e o corpo em Airflex Pro.",in stock,new,79.90 EUR,,https://n1gloves.com/pt/linha/23498-luvas-de-guarda-redes-zeus-20-carbon-ugt-ii,https://n1gloves.com/19947-large_default/luvas-de-guarda-redes-zeus-20-carbon-ugt-ii.jpg,N1 Goalkeeper,,GL-ZEUCAR-0465,117
23499,Luvas de Guarda-Redes Zeus 2.0 Snow UGT+ II,"Descobre a evolução da luva de guarda-redes com máximo rendimento, conforto e ajuste. A Zeus 2.0 redefine a performance com tecnologias de última geração como o corte Vapor Negativo e o corpo em Airflex Pro.",in stock,new,79.90 EUR,,https://n1gloves.com/pt/linha/23499-luvas-de-guarda-redes-zeus-20-snow-ugt-ii,https://n1gloves.com/19936-large_default/luvas-de-guarda-redes-zeus-20-snow-ugt-ii.jpg,N1 Goalkeeper,,GL-ZEUSNO-0466,72
23500,Luvas de Guarda-Redes Zeus 2.0 Galaxy UGT+ II,"Descobre a evolução da luva de guarda-redes com máximo rendimento, conforto e ajuste. A Zeus 2.0 redefine a performance com tecnologias de última geração como o corte Vapor Negativo e o corpo em Airflex Pro.",in stock,new,79.90 EUR,71.91 EUR,https://n1gloves.com/pt/linha/23500-luvas-de-guarda-redes-zeus-20-galaxy-ugt-ii,https://n1gloves.com/19925-large_default/luvas-de-guarda-redes-zeus-20-galaxy-ugt-ii.jpg,N1 Goalkeeper,,GL-ZEUGAL-0468,47
23501,Luvas de Guarda-Redes Zeus 2.0 Phoenix UGT+ II,"Descobre a evolução da luva de guarda-redes com máximo rendimento, conforto e ajuste. A Zeus 2.0 redefine a performance com tecnologias de última geração como o corte Vapor Negativo e o corpo em Airflex Pro.",in stock,new,79.90 EUR,71.91 EUR,https://n1gloves.com/pt/linha/23501-luvas-de-guarda-redes-zeus-20-phoenix-ugt-ii,https://n1gloves.com/19916-large_default/luvas-de-guarda-redes-zeus-20-phoenix-ugt-ii.jpg,N1 Goalkeeper,,GL-ZEUPHO-0467,61
23504,Luvas de Guarda-Redes Zeus 2.0 Storm UGT+ II,"Descobre a evolução da luva de guarda-redes com máximo rendimento, conforto e ajuste. A Zeus 2.0 redefine a performance com tecnologias de última geração como o corte Vapor Negativo e o corpo em Airflex Pro.",in stock,new,79.90 EUR,71.91 EUR,https://n1gloves.com/pt/linha/23504-luvas-de-guarda-redes-zeus-20-storm-ugt-ii,https://n1gloves.com/19908-large_default/luvas-de-guarda-redes-zeus-20-storm-ugt-ii.jpg,N1 Goalkeeper,,GL-ZEUSTO-0470,14
23505,Luvas de Guarda-Redes Zeus 2.0 Breeze UGT+ II,"Descobre a evolução da luva de guarda-redes com máximo rendimento, conforto e ajuste. A Zeus 2.0 redefine a performance com tecnologias de última geração como o corte Vapor Negativo e o corpo em Airflex Pro.",in stock,new,79.90 EUR,71.91 EUR,https://n1gloves.com/pt/linha/23505-luvas-de-guarda-redes-zeus-20-breeze-ugt-ii,https://n1gloves.com/19895-large_default/luvas-de-guarda-redes-zeus-20-breeze-ugt-ii.jpg,N1 Goalkeeper,,GL-ZEUBRE-0469,58
25501,Luvas de Guarda-Redes Zeus 2.0 Aura UGT+ II,"Descubra a evolução da luva de goleiro com máximo desempenho, conforto e ajuste. A Zeus 2.0 redefine a performance com tecnologias de última geração como o corte Vapor Negativo e corpo em Airflex Pro.",in stock,new,79.90 EUR,71.91 EUR,https://n1gloves.com/pt/linha/25501-luvas-de-guarda-redes-zeus-20-aura-ugt-ii,https://n1gloves.com/21608-large_default/luvas-de-guarda-redes-zeus-20-aura-ugt-ii.jpg,N1 Goalkeeper,,GL-ZEUAUR-0486,68
25520,Luvas de Guarda-Redes Zeus 2.0 Iris UGT+ II,"Descubra a evolução da luva de goleiro com máximo desempenho, conforto e ajuste. A Zeus 2.0 redefine a performance com tecnologias de última geração como o corte Vapor Negativo e corpo em Airflex Pro.",in stock,new,79.90 EUR,71.91 EUR,https://n1gloves.com/pt/linha/25520-luvas-de-guarda-redes-zeus-20-iris-ugt-ii,https://n1gloves.com/21635-large_default/luvas-de-guarda-redes-zeus-20-iris-ugt-ii.jpg,N1 Goalkeeper,,GL-ZEUIRI-0487,50
26247,Luvas de Guarda-Redes Zeus 2.0 Stellar UGT+ II,"Descubra a evolução da luva de goleiro com máximo desempenho, conforto e ajuste. A Zeus 2.0 redefine a performance com tecnologias de última geração como o corte Vapor Negativo e corpo em Airflex Pro.",in stock,new,79.90 EUR,71.91 EUR,https://n1gloves.com/pt/linha/26247-luvas-de-guarda-redes-zeus-20-stellar-ugt-ii,https://n1gloves.com/23746-large_default/luvas-de-guarda-redes-zeus-20-stellar-ugt-ii.jpg,N1 Goalkeeper,,GL-ZEUSTE-0485,92
27537,Luvas de Guarda-Redes Zeus 2.0 Lunar UGT+ II,"Descubra a evolução da luva de goleiro com máximo desempenho, conforto e ajuste. A Zeus 2.0 redefine a performance com tecnologias de última geração como o corte Vapor Negativo e corpo em Airflex Pro.",in stock,new,79.90 EUR,,https://n1gloves.com/pt/linha/27537-luvas-de-guarda-redes-zeus-20-lunar-ugt-ii,https://n1gloves.com/23739-large_default/luvas-de-guarda-redes-zeus-20-lunar-ugt-ii.jpg,N1 Goalkeeper,,GL-ZEULUN-0483,74
29913,Luvas de Guarda-Redes Zeus 2.0 Espanha V1 UGT+ II,"Descubra uma coleção criada para quem vive o futebol com paixão, identidade e orgulho. As novas  ZEUS 2.0 – Gloves of Nations  unem máximo desempenho profissional às cores e à identidade que inspiram milhões de apaixonados por futebol ao redor do mundo. 
 Cada design foi inspirado na essência, energia e personalidade de diferentes nações do futebol, transformando cada luva em muito mais do que uma ferramenta de performance: uma forma de representar suas cores dentro de campo. 
  
 Inclui Gymsack GRÁTIS com as cores do país correspondente.",in stock,new,79.90 EUR,47.94 EUR,https://n1gloves.com/pt/linha/29913-luvas-de-guarda-redes-zeus-20-espanha-v1-ugt-ii,https://n1gloves.com/26413-large_default/luvas-de-guarda-redes-zeus-20-espanha-v1-ugt-ii.jpg,N1 Goalkeeper,,GL-ZEUWC2-1069,116
29914,Luvas de Guarda-Redes Zeus 2.0 Espanha V2 UGT+ II,"Descubra uma coleção criada para quem vive o futebol com paixão, identidade e orgulho. As novas  ZEUS 2.0 – Gloves of Nations  unem máximo desempenho profissional às cores e à identidade que inspiram milhões de apaixonados por futebol ao redor do mundo. 
 Cada design foi inspirado na essência, energia e personalidade de diferentes nações do futebol, transformando cada luva em muito mais do que uma ferramenta de performance: uma forma de representar suas cores dentro de campo. 
  
 Inclui Gymsack GRÁTIS com as cores do país correspondente.",in stock,new,79.90 EUR,47.94 EUR,https://n1gloves.com/pt/linha/29914-luvas-de-guarda-redes-zeus-20-espanha-v2-ugt-ii,https://n1gloves.com/26412-large_default/luvas-de-guarda-redes-zeus-20-espanha-v2-ugt-ii.jpg,N1 Goalkeeper,,GL-ZEUWC2-1087,26
29915,Luvas de Guarda-Redes Zeus 2.0 Portugal UGT+ II,"Descubra uma coleção criada para quem vive o futebol com paixão, identidade e orgulho. As novas  ZEUS 2.0 – Gloves of Nations  unem máximo desempenho profissional às cores e à identidade que inspiram milhões de apaixonados por futebol ao redor do mundo. 
 Cada design foi inspirado na essência, energia e personalidade de diferentes nações do futebol, transformando cada luva em muito mais do que uma ferramenta de performance: uma forma de representar suas cores dentro de campo. 
 Inclui Gymsack GRÁTIS com as cores do país correspondente.",in stock,new,79.90 EUR,47.94 EUR,https://n1gloves.com/pt/linha/29915-luvas-de-guarda-redes-zeus-20-portugal-ugt-ii,https://n1gloves.com/26614-large_default/luvas-de-guarda-redes-zeus-20-portugal-ugt-ii.jpg,N1 Goalkeeper,,GL-ZEUWC2-1080,45
29916,Luvas de Guarda-Redes Zeus 2.0 Argentina UGT+ II,"Descubra uma coleção criada para quem vive o futebol com paixão, identidade e orgulho. As novas  ZEUS 2.0 – Gloves of Nations  unem máximo desempenho profissional às cores e à identidade que inspiram milhões de apaixonados por futebol ao redor do mundo. 
 Cada design foi inspirado na essência, energia e personalidade de diferentes nações do futebol, transformando cada luva em muito mais do que uma ferramenta de performance: uma forma de representar suas cores dentro de campo. 
  
 Inclui Gymsack GRÁTIS com as cores do país correspondente.",in stock,new,79.90 EUR,47.94 EUR,https://n1gloves.com/pt/linha/29916-luvas-de-guarda-redes-zeus-20-argentina-ugt-ii,https://n1gloves.com/26584-large_default/luvas-de-guarda-redes-zeus-20-argentina-ugt-ii.jpg,N1 Goalkeeper,,GL-ZEUWC2-1073,23
29917,Luvas de Guarda-Redes Zeus 2.0 Alemanha UGT+ II,"Descubra uma coleção criada para quem vive o futebol com paixão, identidade e orgulho. As novas  ZEUS 2.0 – Gloves of Nations  unem máximo desempenho profissional às cores e à identidade que inspiram milhões de apaixonados por futebol ao redor do mundo. 
 Cada design foi inspirado na essência, energia e personalidade de diferentes nações do futebol, transformando cada luva em muito mais do que uma ferramenta de performance: uma forma de representar suas cores dentro de campo. 
  
 Inclui Gymsack GRÁTIS com as cores do país correspondente.",in stock,new,79.90 EUR,47.94 EUR,https://n1gloves.com/pt/linha/29917-luvas-de-guarda-redes-zeus-20-alemanha-ugt-ii,https://n1gloves.com/26624-large_default/luvas-de-guarda-redes-zeus-20-alemanha-ugt-ii.jpg,N1 Goalkeeper,,GL-ZEUWC2-1081,49
29918,Luvas de Guarda-Redes Zeus 2.0 Brasil V1 UGT+ II,"Descubra uma coleção criada para quem vive o futebol com paixão, identidade e orgulho. As novas  ZEUS 2.0 – Gloves of Nations  unem máximo desempenho profissional às cores e à identidade que inspiram milhões de apaixonados por futebol ao redor do mundo. 
 Cada design foi inspirado na essência, energia e personalidade de diferentes nações do futebol, transformando cada luva em muito mais do que uma ferramenta de performance: uma forma de representar suas cores dentro de campo. 
  
 Inclui Gymsack GRÁTIS com as cores do país correspondente.",in stock,new,79.90 EUR,47.94 EUR,https://n1gloves.com/pt/linha/29918-luvas-de-guarda-redes-zeus-20-brasil-v1-ugt-ii,https://n1gloves.com/26411-large_default/luvas-de-guarda-redes-zeus-20-brasil-v1-ugt-ii.jpg,N1 Goalkeeper,,GL-ZEUWC2-1070,2
29920,Luvas de Guarda-Redes Zeus 2.0 Colombia UGT+ II,"Descubra uma coleção criada para quem vive o futebol com paixão, identidade e orgulho. As novas  ZEUS 2.0 – Gloves of Nations  unem máximo desempenho profissional às cores e à identidade que inspiram milhões de apaixonados por futebol ao redor do mundo. 
 Cada design foi inspirado na essência, energia e personalidade de diferentes nações do futebol, transformando cada luva em muito mais do que uma ferramenta de performance: uma forma de representar suas cores dentro de campo. 
  
 Inclui Gymsack GRÁTIS com as cores do país correspondente.",in stock,new,79.90 EUR,47.94 EUR,https://n1gloves.com/pt/linha/29920-luvas-de-guarda-redes-zeus-20-colombia-ugt-ii,https://n1gloves.com/26526-large_default/luvas-de-guarda-redes-zeus-20-colombia-ugt-ii.jpg,N1 Goalkeeper,,GL-ZEUWC2-1088,10
29921,Luvas de Guarda-Redes Zeus 2.0 França UGT+ II,"Descubra uma coleção criada para quem vive o futebol com paixão, identidade e orgulho. As novas  ZEUS 2.0 – Gloves of Nations  unem máximo desempenho profissional às cores e à identidade que inspiram milhões de apaixonados por futebol ao redor do mundo. 
 Cada design foi inspirado na essência, energia e personalidade de diferentes nações do futebol, transformando cada luva em muito mais do que uma ferramenta de performance: uma forma de representar suas cores dentro de campo. 
  
 Inclui Gymsack GRÁTIS com as cores do país correspondente.",in stock,new,79.90 EUR,47.94 EUR,https://n1gloves.com/pt/linha/29921-luvas-de-guarda-redes-zeus-20-franca-ugt-ii,https://n1gloves.com/26660-large_default/luvas-de-guarda-redes-zeus-20-franca-ugt-ii.jpg,N1 Goalkeeper,,GL-ZEUWC2-1075,65
29922,Luvas de Guarda-Redes Zeus 2.0 Inglaterra UGT+ II,"Descubra uma coleção criada para quem vive o futebol com paixão, identidade e orgulho. As novas  ZEUS 2.0 – Gloves of Nations  unem máximo desempenho profissional às cores e à identidade que inspiram milhões de apaixonados por futebol ao redor do mundo. 
 Cada design foi inspirado na essência, energia e personalidade de diferentes nações do futebol, transformando cada luva em muito mais do que uma ferramenta de performance: uma forma de representar suas cores dentro de campo. 
  
 Inclui Gymsack GRÁTIS com as cores do país correspondente.",in stock,new,79.90 EUR,47.94 EUR,https://n1gloves.com/pt/linha/29922-luvas-de-guarda-redes-zeus-20-inglaterra-ugt-ii,https://n1gloves.com/26625-large_default/luvas-de-guarda-redes-zeus-20-inglaterra-ugt-ii.jpg,N1 Goalkeeper,,GL-ZEUWC2-1076,45
29923,copy of Luvas de Guarda-Redes Zeus 2.0 Inglaterra UGT+ II,"Descubra uma coleção criada para quem vive o futebol com paixão, identidade e orgulho. As novas  ZEUS 2.0 – Gloves of Nations  unem máximo desempenho profissional às cores e à identidade que inspiram milhões de apaixonados por futebol ao redor do mundo. 
 Cada design foi inspirado na essência, energia e personalidade de diferentes nações do futebol, transformando cada luva em muito mais do que uma ferramenta de performance: uma forma de representar suas cores dentro de campo. 
  
 Inclui Gymsack GRÁTIS com as cores do país correspondente.",in stock,new,79.90 EUR,47.94 EUR,https://n1gloves.com/pt/linha/29923-luvas-de-guarda-redes-zeus-20-inglaterra-ugt-ii,https://n1gloves.com/26594-large_default/luvas-de-guarda-redes-zeus-20-inglaterra-ugt-ii.jpg,N1 Goalkeeper,,GL-ZEUWC2-1078,12
29924,Luvas de Guarda-Redes Zeus 2.0 Holanda UGT+ II,"Descubra uma coleção criada para quem vive o futebol com paixão, identidade e orgulho. As novas  ZEUS 2.0 – Gloves of Nations  unem máximo desempenho profissional às cores e à identidade que inspiram milhões de apaixonados por futebol ao redor do mundo. 
 Cada design foi inspirado na essência, energia e personalidade de diferentes nações do futebol, transformando cada luva em muito mais do que uma ferramenta de performance: uma forma de representar suas cores dentro de campo. 
  
 Inclui Gymsack GRÁTIS com as cores do país correspondente.",in stock,new,79.90 EUR,47.94 EUR,https://n1gloves.com/pt/linha/29924-luvas-de-guarda-redes-zeus-20-holanda-ugt-ii,https://n1gloves.com/26655-large_default/luvas-de-guarda-redes-zeus-20-holanda-ugt-ii.jpg,N1 Goalkeeper,,GL-ZEUWC2-1082,71
29925,Luvas de Guarda-Redes Zeus 2.0 Bélgica UGT+ II,"Descubra uma coleção criada para quem vive o futebol com paixão, identidade e orgulho. As novas  ZEUS 2.0 – Gloves of Nations  unem máximo desempenho profissional às cores e à identidade que inspiram milhões de apaixonados por futebol ao redor do mundo. 
 Cada design foi inspirado na essência, energia e personalidade de diferentes nações do futebol, transformando cada luva em muito mais do que uma ferramenta de performance: uma forma de representar suas cores dentro de campo. 
  
 Inclui Gymsack GRÁTIS com as cores do país correspondente.",in stock,new,79.90 EUR,47.94 EUR,https://n1gloves.com/pt/linha/29925-luvas-de-guarda-redes-zeus-20-belgica-ugt-ii,https://n1gloves.com/26604-large_default/luvas-de-guarda-redes-zeus-20-belgica-ugt-ii.jpg,N1 Goalkeeper,,GL-ZEUWC2-1074,52
29926,Luvas de Guarda-Redes Zeus 2.0 Mexico UGT+ II,"Descubra uma coleção criada para quem vive o futebol com paixão, identidade e orgulho. As novas  ZEUS 2.0 – Gloves of Nations  unem máximo desempenho profissional às cores e à identidade que inspiram milhões de apaixonados por futebol ao redor do mundo. 
 Cada design foi inspirado na essência, energia e personalidade de diferentes nações do futebol, transformando cada luva em muito mais do que uma ferramenta de performance: uma forma de representar suas cores dentro de campo. 
  
 Inclui Gymsack GRÁTIS com as cores do país correspondente.",in stock,new,79.90 EUR,47.94 EUR,https://n1gloves.com/pt/linha/29926-luvas-de-guarda-redes-zeus-20-mexico-ugt-ii,https://n1gloves.com/26659-large_default/luvas-de-guarda-redes-zeus-20-mexico-ugt-ii.jpg,N1 Goalkeeper,,GL-ZEUWC2-1068,49
29927,Luvas de Guarda-Redes Zeus 2.0 USA UGT+ II,"Descubra uma coleção criada para quem vive o futebol com paixão, identidade e orgulho. As novas  ZEUS 2.0 – Gloves of Nations  unem máximo desempenho profissional às cores e à identidade que inspiram milhões de apaixonados por futebol ao redor do mundo. 
 Cada design foi inspirado na essência, energia e personalidade de diferentes nações do futebol, transformando cada luva em muito mais do que uma ferramenta de performance: uma forma de representar suas cores dentro de campo. 
  
 Inclui Gymsack GRÁTIS com as cores do país correspondente.",in stock,new,79.90 EUR,47.94 EUR,https://n1gloves.com/pt/linha/29927-luvas-de-guarda-redes-zeus-20-usa-ugt-ii,https://n1gloves.com/26414-large_default/luvas-de-guarda-redes-zeus-20-usa-ugt-ii.jpg,N1 Goalkeeper,,GL-ZEUWC2-1066,27
29928,Luvas de Guarda-Redes Zeus 2.0 Canadá UGT+ II,"Descubra uma coleção criada para quem vive o futebol com paixão, identidade e orgulho. As novas  ZEUS 2.0 – Gloves of Nations  unem máximo desempenho profissional às cores e à identidade que inspiram milhões de apaixonados por futebol ao redor do mundo. 
 Cada design foi inspirado na essência, energia e personalidade de diferentes nações do futebol, transformando cada luva em muito mais do que uma ferramenta de performance: uma forma de representar suas cores dentro de campo. 
  
 Inclui Gymsack GRÁTIS com as cores do país correspondente.",in stock,new,79.90 EUR,47.94 EUR,https://n1gloves.com/pt/linha/29928-luvas-de-guarda-redes-zeus-20-canada-ugt-ii,https://n1gloves.com/26656-large_default/luvas-de-guarda-redes-zeus-20-canada-ugt-ii.jpg,N1 Goalkeeper,,GL-ZEUWC2-1067,21
29929,Luvas de Guarda-Redes Zeus 2.0 Panamá UGT+ II,"Descubra uma coleção criada para quem vive o futebol com paixão, identidade e orgulho. As novas  ZEUS 2.0 – Gloves of Nations  unem máximo desempenho profissional às cores e à identidade que inspiram milhões de apaixonados por futebol ao redor do mundo. 
 Cada design foi inspirado na essência, energia e personalidade de diferentes nações do futebol, transformando cada luva em muito mais do que uma ferramenta de performance: uma forma de representar suas cores dentro de campo. 
  
 Inclui Gymsack GRÁTIS com as cores do país correspondente.",in stock,new,79.90 EUR,47.94 EUR,https://n1gloves.com/pt/linha/29929-luvas-de-guarda-redes-zeus-20-panama-ugt-ii,https://n1gloves.com/26658-large_default/luvas-de-guarda-redes-zeus-20-panama-ugt-ii.jpg,N1 Goalkeeper,,GL-ZEUWC2-1083,10
31072,Luvas de Guarda-Redes Zeus 2.0 Muse UGT+ II,"Descubra a evolução da luva de goleiro com máximo desempenho, conforto e ajuste. A Zeus 2.0 redefine a performance com tecnologias de última geração como o corte Vapor Negativo e corpo em Airflex Pro.",in stock,new,79.90 EUR,,https://n1gloves.com/pt/linha/31072-luvas-de-guarda-redes-zeus-20-muse-ugt-ii,https://n1gloves.com/27833-large_default/luvas-de-guarda-redes-zeus-20-muse-ugt-ii.jpg,N1 Goalkeeper,,GL-ZEUMUS-0490,103
31200,Luvas de Guarda-Redes Zeus 2.0 Zafyr UGT+ II,"Descubra a evolução da luva de goleiro com máximo desempenho, conforto e ajuste. A Zeus 2.0 redefine a performance com tecnologias de última geração como o corte Vapor Negativo e corpo em Airflex Pro.",in stock,new,79.90 EUR,,https://n1gloves.com/pt/linha/31200-luvas-de-guarda-redes-zeus-20-zafyr-ugt-ii,https://n1gloves.com/27977-large_default/luvas-de-guarda-redes-zeus-20-zafyr-ugt-ii.jpg,N1 Goalkeeper,,GL-ZEUZAF-0489,119
13283,Luvas de Guarda-Redes Horus 2.0 Elite White II,Luvas de Guarda-Redes com corte Hibrido Roll-Negativo e palma de latex alemão 100% natural Contact Grip. conta com uma nova área de soco construída com o nosso exclusivo sistema de gel injetado sem costuras.,in stock,new,64.90 EUR,58.41 EUR,https://n1gloves.com/pt/horus-20/13283-luvas-de-guarda-redes-horus-20-elite-white-ii,https://n1gloves.com/8632-large_default/luvas-de-guarda-redes-horus-20-elite-white-ii.jpg,N1 Goalkeeper,,GL-HORWHI-0266,77
13284,Luvas de Guarda-Redes Horus 2.0 Elite Black II,Luvas de Guarda-Redes com corte Hibrido Roll-Negativo e palma de latex alemão 100% natural Contact Grip. conta com uma nova área de soco construída com o nosso exclusivo sistema de gel injetado sem costuras.,in stock,new,64.90 EUR,51.92 EUR,https://n1gloves.com/pt/horus-20/13284-luvas-de-guarda-redes-horus-20-elite-black-ii,https://n1gloves.com/8639-large_default/luvas-de-guarda-redes-horus-20-elite-black-ii.jpg,N1 Goalkeeper,,GL-HORBLA-0267,72
13285,Luvas de Guarda-Redes Horus 2.0 Elite Gold II,Luvas de Guarda-Redes com corte Hibrido Roll-Negativo e palma de latex alemão 100% natural Contact Grip. conta com uma nova área de soco construída com o nosso exclusivo sistema de gel injetado sem costuras.,in stock,new,64.90 EUR,51.92 EUR,https://n1gloves.com/pt/horus-20/13285-luvas-de-guarda-redes-horus-20-elite-gold-ii,https://n1gloves.com/8974-large_default/luvas-de-guarda-redes-horus-20-elite-gold-ii.jpg,N1 Goalkeeper,,GL-HORGOL-0269,91
102,Luvas de Guarda-Redes Beta 2.0 Elite Blue,Luvas de Guarda-Redes com corte Hibrido Roll-Negativo e palma de latex alemão 100% natural Quartz Grip.,out of stock,new,49.90 EUR,24.95 EUR,https://n1gloves.com/pt/beta-20/102-luvas-de-guarda-redes-beta-20-elite-blue,https://n1gloves.com/19956-large_default/luvas-de-guarda-redes-beta-20-elite-blue.jpg,N1 Goalkeeper,,GL-BETBLU-0009,0
10470,copy of Sweatshirt Hoodie Black,"¡NOVO!   Nueva sudadera Hoodie, con un diseño renovado y un estilo único.",in stock,new,29.90 EUR,20.93 EUR,https://n1gloves.com/pt/roupa/10470-sweatshirt-hoodie-black,https://n1gloves.com/23941-large_default/sweatshirt-hoodie-black.jpg,N1 Goalkeeper,,CL-HOOWHI-0112,51
111,Impermeável Preto/Branco,"Chubasquero N1 impermeable de poliéster. 
 El tejido con el que está fabricado es ideal para combatir el frio, el viento y la lluvia, además de ser muy duradero y transpirable.  Color: Negro/Blanco",in stock,new,31.90 EUR,22.33 EUR,https://n1gloves.com/pt/impermeaveis/111-impermeaveis,https://n1gloves.com/1087-large_default/impermeaveis.jpg,N1 Goalkeeper,,CL-RAIBLA-0099,59
708,Leggings Short Protek,Shorts térmico-compresivos de Lycra con protecciones en las caderas,in stock,new,29.90 EUR,,https://n1gloves.com/pt/roupa-termica/708-leggings-short-protek,https://n1gloves.com/2012-large_default/leggings-short-protek.jpg,N1 Goalkeeper,,CL-COMBLA-0119,232
132,Luvas de Guarda-Redes Beta 2.0 Kids Blue,Luva de Guarda-Redes para crianças  com corte Negativo e palma de latex alemão 100% natural Super Low Grip.,in stock,new,34.90 EUR,31.41 EUR,https://n1gloves.com/pt/kids-ii/132-luvas-de-guarda-redes-beta-20-kids-blue,https://n1gloves.com/4413-large_default/luvas-de-guarda-redes-beta-20-kids-blue.jpg,N1 Goalkeeper,,GL-KIDBET-0045,61
133,Luvas de Guarda-Redes Horus 2.0 Kids Gold,Luva de Guarda-Redes para crianças  com corte negativo e palma de latex alemão 100% natural Super Low Grip.,in stock,new,34.90 EUR,31.41 EUR,https://n1gloves.com/pt/kids-ii/133-luvas-de-guarda-redes-horus-20-kids-gold,https://n1gloves.com/1220-large_default/luvas-de-guarda-redes-horus-20-kids-gold.jpg,N1 Goalkeeper,,GL-KIDHOR-0044,86
13535,Luvas de Guarda-Redes Scorpius 2.0 Kids All Black,Luva de Guarda-Redes para crianças  com corte negativo e palma de latex alemão 100% natural Super Low Grip.,in stock,new,34.90 EUR,31.41 EUR,https://n1gloves.com/pt/kids-ii/13535-luvas-de-guarda-redes-scorpius-20-kids-all-black,https://n1gloves.com/9250-large_default/luvas-de-guarda-redes-scorpius-20-kids-all-black.jpg,N1 Goalkeeper,,GL-KIDSCO-322X,101
13539,Luvas de Guarda-Redes Scorpius 2.0 Kids Pink,Luva de Guarda-Redes para crianças  com corte negativo e palma de latex alemão 100% natural Super Low Grip.,in stock,new,34.90 EUR,31.41 EUR,https://n1gloves.com/pt/kids-ii/13539-luvas-de-guarda-redes-scorpius-20-kids-pink,https://n1gloves.com/14373-large_default/luvas-de-guarda-redes-scorpius-20-kids-pink.jpg,N1 Goalkeeper,,GL-KIDSCO-0301,56
108,Calça de Guarda-Redes,Pantalón largo de portero acolchado con protecciones en caderas y rodillas.,in stock,new,27.80 EUR,19.46 EUR,https://n1gloves.com/pt/roupa-de-guarda-redes/108-calca-de-guarda-redes,https://n1gloves.com/1066-large_default/calca-de-guarda-redes.jpg,N1 Goalkeeper,,CL-GKPLON-96X,118
109,Calção,Pantalón corto de entrenamiento y competición N1.  Composición: 100% Poliéster,in stock,new,14.90 EUR,,https://n1gloves.com/pt/roupa-de-guarda-redes/109-calcao,https://n1gloves.com/7222-large_default/calcao.jpg,N1 Goalkeeper,,CL-TRABLA-0097,51
11723,Calça de Guarda-Redes 3/4,Pantalón 3/4 de portero acolchado con protecciones en caderas y rodillas.,in stock,new,22.98 EUR,,https://n1gloves.com/pt/roupa-de-guarda-redes/11723-calca-de-guarda-redes-34,https://n1gloves.com/6619-large_default/calca-de-guarda-redes-34.jpg,N1 Goalkeeper,,CL-GKP3/4-0138,124
112,Impermeável Preto/Neon,"Chubasquero N1 impermeable de poliéster. 
 El tejido con el que está fabricado es ideal para combatir el frio, el viento y la lluvia, además de ser muy duradero y transpirable.  Color: Negro/Neón",in stock,new,31.90 EUR,22.33 EUR,https://n1gloves.com/pt/saldos/112-impermeaveis,https://n1gloves.com/1097-large_default/impermeaveis.jpg,N1 Goalkeeper,,CL-RaiBLA-0100,59
532,Reflex Ball,Esta bola foi creada especificamente para o treino de guarda-redes. A N1 Reflex Ball ajuda significativamente a melhorar a velocidade de reação e a agilidade do guarda-redes.,in stock,new,29.90 EUR,23.92 EUR,https://n1gloves.com/pt/saldos/532-reflex-ball,https://n1gloves.com/1415-large_default/reflex-ball.jpg,N1 Goalkeeper,,AC-REFNEO-0140,35
547,Short Térmico,Short Térmico,in stock,new,19.90 EUR,15.92 EUR,https://n1gloves.com/pt/saldos/547-short-termico,https://n1gloves.com/2015-large_default/short-termico.jpg,N1 Goalkeeper,,CL-COMBLA-0118,39
1499,Luvas de Guarda-Redes Horus 2.0 Elite Zaka,Luvas de Guarda-Redes com corte Negativo e palma de latex alemão 100% natural Contact Grip. conta com uma nova área de soco construída com o nosso exclusivo sistema de gel injetado sem costuras.,in stock,new,64.90 EUR,51.92 EUR,https://n1gloves.com/pt/saldos/1499-luvas-de-guarda-redes-horus-20-elite-zaka,https://n1gloves.com/2622-large_default/luvas-de-guarda-redes-horus-20-elite-zaka.jpg,N1 Goalkeeper,,GL-HORZAK-0144,36
2561,Sweatshirt Hoodie Red,"¡NOVO!   Nueva sudadera Hoodie, con un diseño renovado y un estilo único.",in stock,new,29.90 EUR,20.93 EUR,https://n1gloves.com/pt/saldos/2561-sweatshirt-hoodie-red,https://n1gloves.com/4419-large_default/sweatshirt-hoodie-red.jpg,N1 Goalkeeper,,CL-HOORED-0169,4
2571,Sweatshirt Hoodie Gray,"¡NOVO!   Nueva sudadera Hoodie, con un diseño renovado y un estilo único.",in stock,new,29.90 EUR,23.92 EUR,https://n1gloves.com/pt/saldos/2571-sweatshirt-hoodie-gray,https://n1gloves.com/4423-large_default/sweatshirt-hoodie-gray.jpg,N1 Goalkeeper,,CL-HOOGRA-0170,38
2572,Sweatshirt Hoodie Blue,"¡NOVO!   Nueva sudadera Hoodie, con un diseño renovado y un estilo único.",in stock,new,29.90 EUR,20.93 EUR,https://n1gloves.com/pt/saldos/2572-sweatshirt-hoodie-blue,https://n1gloves.com/4432-large_default/sweatshirt-hoodie-blue.jpg,N1 Goalkeeper,,CL-HOOBLU-0111,10
2573,Sweatshirt Hoodie Black,"¡NOVO!   Nueva sudadera Hoodie, con un diseño renovado y un estilo único.",in stock,new,29.90 EUR,20.93 EUR,https://n1gloves.com/pt/saldos/2573-sweatshirt-hoodie-black,https://n1gloves.com/4429-large_default/sweatshirt-hoodie-black.jpg,N1 Goalkeeper,,CL-HOOBLA-0113,36
13286,Luvas de Guarda-Redes Horus 2.0 Elite Red II,Luvas de Guarda-Redes com corte Roll-Negativo e palma de latex alemão 100% natural Contact Grip. conta com uma nova área de soco construída com o nosso exclusivo sistema de gel injetado sem costuras.,in stock,new,64.90 EUR,51.92 EUR,https://n1gloves.com/pt/20/13286-luvas-de-guarda-redes-horus-20-elite-red-ii,https://n1gloves.com/9271-large_default/luvas-de-guarda-redes-horus-20-elite-red-ii.jpg,N1 Goalkeeper,,GL-HORRED-0268,48
13318,Luvas de Guarda-Redes Horus 2.0 Elite All Blue,Luvas de Guarda-Redes com corte Hibrido Ergo-Roll e palma de latex alemão 100% natural AquaControl+. conta com uma nova área de soco construída com o nosso exclusivo sistema de gel injetado sem costuras.,in stock,new,64.90 EUR,51.92 EUR,https://n1gloves.com/pt/20/13318-luvas-de-guarda-redes-horus-20-elite-all-blue,https://n1gloves.com/8979-large_default/luvas-de-guarda-redes-horus-20-elite-all-blue.jpg,N1 Goalkeeper,,GL-HORALL-0283,35
15967,Luvas de Guarda-Redes Horus 2.0 Elite All Red,Luvas de Guarda-Redes com corte Negativo e palma de latex alemão 100% natural Contact Grip. conta com uma nova área de soco construída com o nosso exclusivo sistema de gel injetado sem costuras.,in stock,new,64.90 EUR,51.92 EUR,https://n1gloves.com/pt/20/15967-luvas-de-guarda-redes-horus-20-elite-all-red,https://n1gloves.com/11401-large_default/luvas-de-guarda-redes-horus-20-elite-all-red.jpg,N1 Goalkeeper,,GL-HORALL-0282,2
106,Camisola Técnica Laranja,"Camiseta de manga corta para entrenamiento. 
 Confeccionada en poliéster, un tejido que te proporcionará libertad de movimientos, ligereza y transpirabilidad.",in stock,new,17.90 EUR,12.53 EUR,https://n1gloves.com/pt/30/106-camisola-para-guarda-redes-azul,https://n1gloves.com/1051-large_default/camisola-para-guarda-redes-azul.jpg,N1 Goalkeeper,,CL-TRAORA-0094,46
107,Camisola Técnica Preta,"Camiseta de manga corta para entrenamiento. 
 Confeccionada en poliéster, un tejido que te proporcionará libertad de movimientos, ligereza y transpirabilidad.",in stock,new,17.90 EUR,14.32 EUR,https://n1gloves.com/pt/30/107-camisola-para-guarda-redes-azul,https://n1gloves.com/1063-large_default/camisola-para-guarda-redes-azul.jpg,N1 Goalkeeper,,CL-TRABLA-0095,43
110,Calças Técnicas de Treino,Pantalón largo ajustado de entrenamiento para porteros y jugadores  Lycra de alta calidad: 92% Poliamida / 8% Elastano,in stock,new,24.90 EUR,22.41 EUR,https://n1gloves.com/pt/30/110-calca-de-guarda-redes,https://n1gloves.com/1082-large_default/calca-de-guarda-redes.jpg,N1 Goalkeeper,,CL-TRABLA-0098,23
116,Manguitos,"Manguitos de compresión antiabrasión. 
 Muy resistentes a la abrasión, te protegerán de rozaduras y quemaduras en cualquier superficie.",in stock,new,11.90 EUR,9.52 EUR,https://n1gloves.com/pt/30/116-manguitos,https://n1gloves.com/1122-large_default/manguitos.jpg,N1 Goalkeeper,,CL-MANBLA-0108,298
122,Pólo,Pólo,in stock,new,19.90 EUR,15.92 EUR,https://n1gloves.com/pt/30/122-polo,https://n1gloves.com/1162-large_default/polo.jpg,N1 Goalkeeper,,CL-POLBLA-0109,21
127,Leggings Térmica,Mallas térmicas compresivas largas muy resistentes,in stock,new,26.80 EUR,21.44 EUR,https://n1gloves.com/pt/30/127-leggings-termica,https://n1gloves.com/1182-large_default/leggings-termica.jpg,N1 Goalkeeper,,CL-COMBLA-0102,112
128,Camisola Térmica,Camiseta térmica compresiva de manga larga.,in stock,new,26.80 EUR,21.44 EUR,https://n1gloves.com/pt/30/128-camisola-termica,https://n1gloves.com/1187-large_default/camisola-termica.jpg,N1 Goalkeeper,,CL-COMBLA-0103,171
236,Impermeável Amarelo Neon,"Chubasquero N1 impermeable de poliéster. 
 El tejido con el que está fabricado es ideal para combatir el frio, el viento y la lluvia, además de ser muy duradero y transpirable.  Color: Amarillo Neón",in stock,new,31.90 EUR,22.33 EUR,https://n1gloves.com/pt/30/236-impermeavel-amarelo-neon,https://n1gloves.com/1347-large_default/impermeavel-amarelo-neon.jpg,N1 Goalkeeper,,CL-RAINEO-0101,66
323,Agasalho Amarelo/Preto,"Nuevo chándal de paseo N1 en colores amarillo y negro. 
 Sudadera compuesta por cremallera y capucha con bolsillos laterales sin cremallera. 
 Pantalón regular fit con bolsillos sin cremallera.",out of stock,new,39.90 EUR,27.93 EUR,https://n1gloves.com/pt/30/323-agasalho-amarelopreto,https://n1gloves.com/1847-large_default/agasalho-amarelopreto.jpg,N1 Goalkeeper,,CL-TRAYEL-0135,0
324,Calça Speedo Preta,Calça Speedo Preta,in stock,new,24.90 EUR,19.92 EUR,https://n1gloves.com/pt/30/324-calca-speedo-preta,https://n1gloves.com/1840-large_default/calca-speedo-preta.jpg,N1 Goalkeeper,,CL-PANBLA-0131,53
326,Sweatshirt Speedo Azul Marinho,"Sudadera de entrenamiento para porteros. 
 Desarrollada en poliéster + elastano te dará un ajuste sensacional a la vez que te permitirá una movilidad perfecta en tus entrenamientos.",in stock,new,24.90 EUR,17.43 EUR,https://n1gloves.com/pt/30/326-sweatshirt-speedo-azul-marinho,https://n1gloves.com/1373-large_default/sweatshirt-speedo-azul-marinho.jpg,N1 Goalkeeper,,CL-SWEBLU-0129,85
705,Camisola Térmica Protek,Camiseta térmica compresiva de manga larga con protecciones en codos.,in stock,new,36.80 EUR,29.44 EUR,https://n1gloves.com/pt/30/705-camisola-termica-protek,https://n1gloves.com/1831-large_default/camisola-termica-protek.jpg,N1 Goalkeeper,,CL-COMBLA-0116,128
706,Leggings Térmica Protek,Mallas térmicas compresivas de Lycra con protecciones en caderas y rodillas.,in stock,new,36.80 EUR,29.44 EUR,https://n1gloves.com/pt/30/706-leggings-termica-protek,https://n1gloves.com/1838-large_default/leggings-termica-protek.jpg,N1 Goalkeeper,,CL-COMBLA-0117,159
976,Luvas de Guarda-Redes Cronos Black DUO,"Luvas de goleiro profissional na cor BLACKOUT. Totalmente confeccionado em látex, em corte híbrido Roll-Negative e com corpo em Mesh. Incorpora a nova palma DUO GRIP.",in stock,new,59.90 EUR,47.92 EUR,https://n1gloves.com/pt/30/976-luvas-de-guarda-redes-cronos-black-duo,https://n1gloves.com/2396-large_default/luvas-de-guarda-redes-cronos-black-duo.jpg,N1 Goalkeeper,,GL-CROBLA-0075,83
1223,Luvas de Guarda-Redes Horus 2.0 Elite Blue,Luvas de Guarda-Redes com corte Rollfinger e palma de latex alemão 100% natural Contact Grip. conta com uma nova área de soco construída com o nosso exclusivo sistema de gel injetado sem costuras.,in stock,new,64.90 EUR,45.43 EUR,https://n1gloves.com/pt/30/1223-luvas-de-guarda-redes-horus-20-elite-blue-,https://n1gloves.com/2615-large_default/luvas-de-guarda-redes-horus-20-elite-blue-.jpg,N1 Goalkeeper,,GL-HORBLU-0145,44
3220,Camisola Técnica Verdy,"Camiseta de manga corta para entrenamiento. 
 Confeccionada en poliéster, un tejido que te proporcionará libertad de movimientos, ligereza y transpirabilidad.",in stock,new,17.90 EUR,14.32 EUR,https://n1gloves.com/pt/30/3220-camisola-tecnica-verdy,https://n1gloves.com/4934-large_default/camisola-tecnica-verdy.jpg,N1 Goalkeeper,,CL-TRAGRE-0168,51
12835,ULTRAGRIP Gloves,"Desenvolvido com tecnologia de ponta, esse spray inovador busca recuperar a aderência das luvas usadas e aumentar sua vida útil proporcionando proteção segura e aderência superior.",in stock,new,16.95 EUR,13.56 EUR,https://n1gloves.com/pt/50/12835-ultragrip-gloves-0618231848669,https://n1gloves.com/8025-large_default/ultragrip-gloves.jpg,N1 Goalkeeper,0618231848669,AC-0016,930
978,Luvas de Guarda-Redes Cronos White DUO,"Luvas de goleiro profissional na cor BRANCA. Totalmente confeccionado em látex, em corte híbrido Roll-Negative e com corpo em Mesh. Incorpora a nova palma DUO GRIP.",in stock,new,59.90 EUR,53.91 EUR,https://n1gloves.com/pt/cronos/978-luvas-de-guarda-redes-cronos-white-duo,https://n1gloves.com/2388-large_default/luvas-de-guarda-redes-cronos-white-duo.jpg,N1 Goalkeeper,,GL-CROWHI-0084,67
13255,Luvas de Guarda-Redes GEA White UGT+ II,"Introduzimos o novo padrão em conforto e desempenho com as luvas GEA UGT+ II. Projetadas para levar o seu jogo ao próximo nível, estas luvas premium oferecem uma sensação de leveza, amortecimento excepcional e aderência superior. Prepare-se para defesas mais precisas, conforto e ajuste perfeito.",in stock,new,59.90 EUR,47.92 EUR,https://n1gloves.com/pt/10/13255-luvas-de-guarda-redes-gea-white-ugt-ii,https://n1gloves.com/8991-large_default/luvas-de-guarda-redes-gea-white-ugt-ii.jpg,N1 Goalkeeper,,GL-GEAWHI-0239,54
13538,Luvas de Guarda-Redes Scorpius 2.0 Kids Red,Luva de Guarda-Redes para crianças  com corte negativo e palma de latex alemão 100% natural Super Low Grip.,in stock,new,34.90 EUR,31.41 EUR,https://n1gloves.com/pt/10/13538-luvas-de-guarda-redes-scorpius-20-kids-red,https://n1gloves.com/10873-large_default/luvas-de-guarda-redes-scorpius-20-kids-red.jpg,N1 Goalkeeper,,GL-KIDSCO-323X,54
13541,Luvas de Guarda-Redes Scorpius 2.0 Kids Neon,Luva de Guarda-Redes para crianças  com corte negativo e palma de latex alemão 100% natural Super Low Grip.,in stock,new,34.90 EUR,31.41 EUR,https://n1gloves.com/pt/10/13541-luvas-de-guarda-redes-scorpius-20-kids-neon,https://n1gloves.com/9264-large_default/luvas-de-guarda-redes-scorpius-20-kids-neon.jpg,N1 Goalkeeper,,GL-KIDSCO-325X,111
15361,Luvas de Guarda-Redes Horus 2.0 Elite Purple II,Luvas de Guarda-Redes com corte Negativo e palma de latex alemão 100% natural Contact Grip. conta com uma nova área de soco construída com o nosso exclusivo sistema de gel injetado sem costuras.,in stock,new,64.90 EUR,38.94 EUR,https://n1gloves.com/pt/10/15361-luvas-de-guarda-redes-horus-20-elite-purple-ii,https://n1gloves.com/14379-large_default/luvas-de-guarda-redes-horus-20-elite-purple-ii.jpg,N1 Goalkeeper,,GL-HORPUR-0335,42
17026,Luvas de Guarda-Redes Scorpius 2.0 Orange Blue UGT+ II,"Descubra a evolução da luva de goleiro mais bem-sucedida, agora mais leve e ajustada como uma segunda pele. O Scorpius 2.0 UGT+ II apresenta um corte negativo e a palma de látex alemão 100% natural UGT+.",in stock,new,69.90 EUR,34.95 EUR,https://n1gloves.com/pt/10/17026-luvas-de-guarda-redes-scorpius-20-orange-blue-ugt-ii,https://n1gloves.com/12618-large_default/luvas-de-guarda-redes-scorpius-20-orange-blue-ugt-ii.jpg,N1 Goalkeeper,,GL-SCOORA-0334,18
13249,Luvas de Guarda-Redes Scorpius 2.0 All Black UGT+ II,"Descubra a evolução da luva de goleiro mais bem-sucedida, agora mais leve e ajustada como uma segunda pele. O Scorpius 2.0 UGT+ II apresenta um corte negativo e a palma de látex alemão 100% natural UGT+.",in stock,new,69.90 EUR,55.92 EUR,https://n1gloves.com/pt/scorpius-20/13249-luvas-de-guarda-redes-scorpius-20-all-black-ugt-ii,https://n1gloves.com/8347-large_default/luvas-de-guarda-redes-scorpius-20-all-black-ugt-ii.jpg,N1 Goalkeeper,,GL-SCOALL-0218,90
13250,Luvas de Guarda-Redes Scorpius 2.0 All White UGT+ II,"Descubra a evolução da luva de goleiro mais bem-sucedida, agora mais leve e ajustada como uma segunda pele. O Scorpius 2.0 UGT+ II apresenta um corte negativo e a palma de látex alemão 100% natural UGT+.",in stock,new,69.90 EUR,55.92 EUR,https://n1gloves.com/pt/scorpius-20/13250--luvas-de-guarda-redes-scorpius-20-all-white-ugt-ii,https://n1gloves.com/8371-large_default/-luvas-de-guarda-redes-scorpius-20-all-white-ugt-ii.jpg,N1 Goalkeeper,,GL-SCOWHI-0216,51
13251,Luvas de Guarda-Redes Scorpius 2.0 Pink UGT+ II,"Descubra a evolução da luva de goleiro mais bem-sucedida, agora mais leve e ajustada como uma segunda pele. O Scorpius 2.0 UGT+ II apresenta um corte negativo e a palma de látex alemão 100% natural UGT+.",in stock,new,69.90 EUR,41.94 EUR,https://n1gloves.com/pt/scorpius-20/13251-luvas-de-guarda-redes-scorpius-20-pink-ugt-ii,https://n1gloves.com/14375-large_default/luvas-de-guarda-redes-scorpius-20-pink-ugt-ii.jpg,N1 Goalkeeper,,GL-SCOPIN-0228,15
13252,Luvas de Guarda-Redes Scorpius 2.0 Red UGT+ II,"Descubra a evolução da luva de goleiro mais bem-sucedida, agora mais leve e ajustada como uma segunda pele. O Scorpius 2.0 UGT+ II apresenta um corte negativo e a palma de látex alemão 100% natural UGT+.",in stock,new,69.90 EUR,55.92 EUR,https://n1gloves.com/pt/scorpius-20/13252-luvas-de-guarda-redes-scorpius-20-red-ugt-ii,https://n1gloves.com/8404-large_default/luvas-de-guarda-redes-scorpius-20-red-ugt-ii.jpg,N1 Goalkeeper,,GL-SCORED-0230,88
13254,Luvas de Guarda-Redes Scorpius 2.0 AquaControl+,"Descubra a evolução da luva de goleiro mais bem-sucedida, agora mais leve e ajustada como uma segunda pele. O Scorpius 2.0 AquaControl+ apresenta um corte negativo e a palma de látex alemão 100% natural UGT+.",in stock,new,69.90 EUR,48.93 EUR,https://n1gloves.com/pt/scorpius-20/13254-luvas-de-guarda-redes-scorpius-20-aquacontrol,https://n1gloves.com/8432-large_default/luvas-de-guarda-redes-scorpius-20-aquacontrol.jpg,N1 Goalkeeper,,GL-SCOAQU-0225,61
15276,Luvas de Guarda-Redes Scorpius 2.0 Blue Orange UGT+ II,"Descubra a evolução da luva de goleiro mais bem-sucedida, agora mais leve e ajustada como uma segunda pele. O Scorpius 2.0 UGT+ II apresenta um corte negativo e a palma de látex alemão 100% natural UGT+.",in stock,new,69.90 EUR,55.92 EUR,https://n1gloves.com/pt/scorpius-20/15276-luvas-de-guarda-redes-scorpius-20-blue-orange-ugt-ii,https://n1gloves.com/11693-large_default/luvas-de-guarda-redes-scorpius-20-blue-orange-ugt-ii.jpg,N1 Goalkeeper,,GL-SCOBLU-0331,79
15277,Luvas de Guarda-Redes Scorpius 2.0 Golden UGT+II,"Descubra a evolução da luva de goleiro mais bem-sucedida, agora mais leve e ajustada como uma segunda pele. O Scorpius 2.0 UGT+ II apresenta um corte negativo e a palma de látex alemão 100% natural UGT+.",in stock,new,69.90 EUR,55.92 EUR,https://n1gloves.com/pt/scorpius-20/15277-luvas-de-guarda-redes-scorpius-20-golden-ugtii,https://n1gloves.com/11898-large_default/luvas-de-guarda-redes-scorpius-20-golden-ugtii.jpg,N1 Goalkeeper,,GL-SCOGOL-0332,72
15295,Luvas de Guarda-Redes Scorpius 2.0 Golden Black UGT+II,"Descubra a evolução da luva de goleiro mais bem-sucedida, agora mais leve e ajustada como uma segunda pele. O Scorpius 2.0 UGT+ II apresenta um corte negativo e a palma de látex alemão 100% natural UGT+.",in stock,new,69.90 EUR,55.92 EUR,https://n1gloves.com/pt/scorpius-20/15295-luvas-de-guarda-redes-scorpius-20-golden-black-ugtii,https://n1gloves.com/11883-large_default/luvas-de-guarda-redes-scorpius-20-golden-black-ugtii.jpg,N1 Goalkeeper,,GL-SCOGOL-0333,102
13257,Luvas de Guarda-Redes GEA Black UGT+ II,"Introduzimos o novo padrão em conforto e desempenho com as luvas GEA UGT+ II. Projetadas para levar o seu jogo ao próximo nível, estas luvas premium oferecem uma sensação de leveza, amortecimento excepcional e aderência superior. Prepare-se para defesas mais precisas, conforto e ajuste perfeito.",in stock,new,59.90 EUR,47.92 EUR,https://n1gloves.com/pt/gea/13257-luvas-de-guarda-redes-gea-black-ugt-ii,https://n1gloves.com/9568-large_default/luvas-de-guarda-redes-gea-black-ugt-ii.jpg,N1 Goalkeeper,,GL-GEABLA-0238,57
15119,Luvas de Guarda-redes Ares 2.0 All White UGT+ II,"Descubra a evolução da excelência com as luvas de goleiro Ares 2.0 UGT+ II, parte da linha Premium da N1. Equipadas com tecnologia avançada e projetadas para os goleiros mais exigentes, essas luvas representam um passo audacioso em termos de aderência, conforto e confiança no campo.",in stock,new,69.90 EUR,55.92 EUR,https://n1gloves.com/pt/ares-20/15119-luvas-de-guarda-redes-ares-20-all-white-ugt-ii,https://n1gloves.com/10695-large_default/luvas-de-guarda-redes-ares-20-all-white-ugt-ii.jpg,N1 Goalkeeper,,GL-AREALL-0312,18
15120,Guarda-Redes  Ares 2.0 All Black UGT+ II,"Descubra a evolução da excelência com as luvas de goleiro Ares 2.0 UGT+ II, parte da linha Premium da N1. Equipadas com tecnologia avançada e projetadas para os goleiros mais exigentes, essas luvas representam um passo audacioso em termos de aderência, conforto e confiança no campo.",in stock,new,69.90 EUR,55.92 EUR,https://n1gloves.com/pt/ares-20/15120-guarda-redes-ares-20-all-black-ugt-ii,https://n1gloves.com/10712-large_default/guarda-redes-ares-20-all-black-ugt-ii.jpg,N1 Goalkeeper,,GL-AREALL-0313,74
15121,Guarda-Redes  Ares 2.0 Blue UGT+ II,"Descubra a evolução da excelência com as luvas de goleiro Ares 2.0 UGT+ II, parte da linha Premium da N1. Equipadas com tecnologia avançada e projetadas para os goleiros mais exigentes, essas luvas representam um passo audacioso em termos de aderência, conforto e confiança no campo.",out of stock,new,69.90 EUR,34.95 EUR,https://n1gloves.com/pt/ares-20/15121-guarda-redes-ares-20-blue-ugt-ii,https://n1gloves.com/10688-large_default/guarda-redes-ares-20-blue-ugt-ii.jpg,N1 Goalkeeper,,GL-AREBLU-0315,0
15123,Guarda-Redes Ares 2.0 Neon UGT+ II,"Descubra a evolução da excelência com as luvas de goleiro Ares 2.0 UGT+ II, parte da linha Premium da N1. Equipadas com tecnologia avançada e projetadas para os goleiros mais exigentes, essas luvas representam um passo audacioso em termos de aderência, conforto e confiança no campo.",in stock,new,69.90 EUR,55.92 EUR,https://n1gloves.com/pt/ares-20/15123-guarda-redes-ares-20-neon-ugt-ii,https://n1gloves.com/10681-large_default/guarda-redes-ares-20-neon-ugt-ii.jpg,N1 Goalkeeper,,GL-ARENEO-0314,11
15124,Guarda-Redes  Ares 2.0 Orange UGT+ II,"Descubra a evolução da excelência com as luvas de goleiro Ares 2.0 UGT+ II, parte da linha Premium da N1. Equipadas com tecnologia avançada e projetadas para os goleiros mais exigentes, essas luvas representam um passo audacioso em termos de aderência, conforto e confiança no campo.",in stock,new,69.90 EUR,34.95 EUR,https://n1gloves.com/pt/ares-20/15124-guarda-redes-ares-20-orange-ugt-ii,https://n1gloves.com/22350-large_default/guarda-redes-ares-20-orange-ugt-ii.jpg,N1 Goalkeeper,,GL-AREORA-0316,16
22062,Guarda-Redes Ares 2.0 Aqua UGT+ II,"Descubra a evolução da excelência com as luvas de goleiro Ares 2.0 UGT+ II, parte da linha Premium da N1. Equipadas com tecnologia avançada e projetadas para os goleiros mais exigentes, essas luvas representam um passo audacioso em termos de aderência, conforto e confiança no campo.",in stock,new,69.90 EUR,48.93 EUR,https://n1gloves.com/pt/ares-20/22062-guarda-redes-ares-20-aqua-ugt-ii,https://n1gloves.com/17936-large_default/guarda-redes-ares-20-aqua-ugt-ii.jpg,N1 Goalkeeper,,GL-AREAQU-0322,63
18880,Luvas de Guarda-Redes Sirius 2.0 White UGT+ II,"O Sirius 2.0 chegou para redefinir a baliza. Com um design revolucionário e o novo tecido de alto desempenho  AirFlex Pro , esta luva estabelece um novo padrão de flexibilidade, conforto, ajuste e respirabilidade. Combina leveza e armado na perfeição, oferecendo o equilíbrio ideal. A arma definitiva para guarda-redes que exigem o melhor!",in stock,new,69.90 EUR,,https://n1gloves.com/pt/sirius-20/18880-luvas-de-guarda-redes-sirius-20-white-ugt-ii,https://n1gloves.com/14944-large_default/luvas-de-guarda-redes-sirius-20-white-ugt-ii.jpg,N1 Goalkeeper,,GL-SIRWHI-0366,97
24912,Luvas de Guarda-Redes Zeus 2.0 Shadow UGT+ II - Edição Especial,"Descobre a evolução da luva de guarda-redes com máximo rendimento, conforto e ajuste. A Zeus 2.0 redefine a performance com tecnologias de última geração como o corte Vapor Negativo e o corpo em Airflex Pro.",in stock,new,64.90 EUR,,https://n1gloves.com/pt/christian-segador/24912-luvas-de-guarda-redes-zeus-20-shadow-ugt-ii-edicao-especial,https://n1gloves.com/23128-large_default/luvas-de-guarda-redes-zeus-20-shadow-ugt-ii-edicao-especial.jpg,N1 Goalkeeper,,GL-ZEUSHA-CH01,111
25127,Sweatshirt Black Edição Especial CH,"Sudadera de entrenamiento para porteros. 
 Desarrollada en poliéster + elastano te dará un ajuste sensacional a la vez que te permitirá una movilidad perfecta en tus entrenamientos.",in stock,new,19.90 EUR,,https://n1gloves.com/pt/christian-segador/25127-sweatshirt-black-edicao-especial-ch,https://n1gloves.com/23130-large_default/sweatshirt-black-edicao-especial-ch.jpg,N1 Goalkeeper,,CL-SUDCHB-CH01,45
25128,Sweatshirt Pink Edição Especial CH,"Sudadera de entrenamiento para porteros. 
 Desarrollada en poliéster + elastano te dará un ajuste sensacional a la vez que te permitirá una movilidad perfecta en tus entrenamientos.",in stock,new,19.90 EUR,,https://n1gloves.com/pt/christian-segador/25128-sweatshirt-pink-edicao-especial-ch,https://n1gloves.com/23119-large_default/sweatshirt-pink-edicao-especial-ch.jpg,N1 Goalkeeper,,CL-SUDCHP-CH01,53
25129,Camisola Técnica Black Edição Especial CH,"Camiseta de manga corta para entrenamiento. 
 Confeccionada en poliéster, un tejido que te proporcionará libertad de movimientos, ligereza y transpirabilidad.",in stock,new,14.90 EUR,,https://n1gloves.com/pt/christian-segador/25129-camisola-tecnica-black-edicao-especial-ch-,https://n1gloves.com/23129-large_default/camisola-tecnica-black-edicao-especial-ch-.jpg,N1 Goalkeeper,,CL-CAMCHB-CH01,45
25130,Camisola Técnica Pink Edição Especial CH,"Camiseta de manga corta para entrenamiento. 
 Confeccionada en poliéster, un tejido que te proporcionará libertad de movimientos, ligereza y transpirabilidad.",in stock,new,14.90 EUR,,https://n1gloves.com/pt/christian-segador/25130-camisola-tecnica-pink-edicao-especial-ch,https://n1gloves.com/23122-large_default/camisola-tecnica-pink-edicao-especial-ch.jpg,N1 Goalkeeper,,CL-CAMCHP-CH01,51
